dtime,USD,GBP,EUR,CAD,CHF,SEK,DKK,NOK,AUD,NZD,ZAR,BHD
2002/4/1,133.15,189.79,116.12,83.48,79.28,12.87,15.63,15.08,71.14,58.8,11.76,353.65
2002/4/2,133.2,191.78,117.18,83.38,80.15,13,15.77,15.24,71.02,58.86,11.78,353.78
2002/4/3,133.2,191.26,116.96,83.65,80.02,12.95,15.75,15.23,71.14,58.81,11.89,353.78
2002/4/4,133.1,191.13,117.15,83.72,80.18,12.93,15.77,15.33,70.81,58.52,12.02,353.52
2002/4/5,132.3,189.74,116.32,82.96,79.47,12.87,15.65,15.22,70.33,58.36,11.83,351.39
2002/4/8,131.55,188.54,115.69,82.8,79,12.82,15.57,15.13,69.76,57.43,11.92,349.4
2002/4/9,131.55,188.31,115.05,82.45,78.46,12.69,15.48,15.08,69.5,57.21,11.79,349.4
2002/4/10,130.7,187.84,115.16,81.93,78.47,12.63,15.49,15.06,69.41,57.04,11.68,347.14
2002/4/11,131.1,188.36,115.41,82.33,78.62,12.69,15.53,15.12,69.68,57.64,11.72,348.21
2002/4/12,131.55,189.06,115.99,82.83,79.2,12.76,15.61,15.25,70.47,58.42,11.78,349.4
2002/4/15,132.2,189.84,116.38,83.27,79.38,12.83,15.65,15.28,70.5,58.19,11.85,351.13
2002/4/16,131.85,189.49,116.01,83.15,79.05,12.74,15.61,15.24,70.1,57.9,11.83,350.2
2002/4/17,130.95,188.55,115.59,82.81,78.74,12.63,15.56,15.16,69.94,57.83,11.67,347.81
2002/4/18,130.6,188.97,116.31,82.93,79.19,12.73,15.65,15.23,70.33,58.26,11.76,346.79
2002/4/19,130.1,188.59,115.93,82.65,78.98,12.62,15.61,15.21,70.42,58.35,11.74,345.55
2002/4/22,130.3,188.62,115.99,82.83,79.13,12.66,15.61,15.26,70.4,58.22,11.76,346.08
2002/4/23,129.9,188.43,115.4,82.65,78.6,12.55,15.54,15.18,70.38,58.29,11.87,345.02
2002/4/24,130.25,188.58,115.68,82.79,78.87,12.6,15.57,15.23,70.02,58.04,11.89,345.95
2002/4/25,129.45,187.73,115.57,82.6,78.83,12.56,15.55,15.17,70.36,58.15,11.9,343.82
2002/4/26,128.75,187.43,115.62,82.25,79.04,12.54,15.57,15.25,70.08,57.96,11.83,341.87
2002/4/30,128.35,187.08,115.93,81.98,79.15,12.56,15.6,15.31,69.28,57.45,12.18,340.9
2002/5/1,128.6,187.49,115.7,82.05,79.43,12.54,15.58,15.3,69.21,57.52,12.09,341.57
2002/5/2,127.45,187.08,115.62,81.75,79.58,12.5,15.56,15.28,68.78,57.26,12.1,338.51
2002/5/7,127,186.55,116.6,81.03,80.27,12.55,15.7,15.39,68.64,56.95,12.22,337.32
2002/5/8,128.2,187.71,117,81.83,80.44,12.51,15.75,15.38,69.33,57.74,12.66,340.5
2002/5/9,128.9,187.77,116.62,82.07,80.1,12.56,15.69,15.42,69.84,58.12,12.61,342.36
2002/5/10,128.65,187.92,117.08,82.15,80.55,12.57,15.75,15.49,69.9,58.14,12.48,341.7
2002/5/13,127.3,186.39,116.36,81.78,80,12.46,15.66,15.39,69.3,57.68,12.51,338.11
2002/5/14,127.9,186.36,116.45,82.3,80.05,12.47,15.67,15.47,69.85,58.28,12.71,339.71
2002/5/15,128.45,186.21,115.85,82.41,79.55,12.55,15.59,15.38,70.4,58.89,12.68,341.17
2002/5/16,127.8,186.49,116.41,82.14,79.98,12.61,15.67,15.46,70.11,58.65,12.57,339.71
2002/5/17,127.75,186.2,116.55,82.11,80.07,12.64,15.68,15.46,69.97,58.84,12.54,339.58
2002/5/20,125.9,183.7,115.94,81.49,79.72,12.58,15.59,15.37,69.42,58.37,12.6,334.57
2002/5/21,125.9,183.6,115.64,81.64,79.65,12.59,15.56,15.38,69.82,58.73,12.59,334.66
2002/5/22,123.9,180.76,113.79,80.59,78.46,12.41,15.31,15.13,68.96,58.01,12.32,329.35
2002/5/23,124.4,181.62,115.13,81.11,79.27,12.62,15.49,15.41,69.44,58.77,12.34,330.68
2002/5/24,125,181.68,115.19,81.32,79.11,12.64,15.49,15.46,69.29,58.6,12.41,332.27
2002/5/27,124.85,181.96,115.01,81.38,78.97,12.61,15.46,15.47,69.45,58.77,12.54,331.87
2002/5/28,124.85,181.81,114.91,81.3,78.87,12.58,15.47,15.49,69.69,59.2,12.6,331.87
2002/5/29,124.7,181.91,115.8,81.38,79.22,12.63,15.58,15.69,69.98,59.48,12.63,331.47
2002/5/30,124.25,181.72,116.32,80.94,79.29,12.71,15.66,15.73,70.11,59.18,12.8,330.28
2002/5/31,123.45,180.89,115.61,80.38,79.02,12.66,15.58,15.57,69.72,58.73,12.8,328.15
2002/6/3,124.45,181.14,115.89,80.97,79.17,12.76,15.6,15.54,70.49,59.82,12.69,330.81
2002/6/4,123.65,180.8,116.22,80.93,79.16,12.77,15.65,15.64,70.96,60.64,12.62,328.68
2002/6/5,124.1,180.95,116.77,81.02,79.45,12.8,15.71,15.73,71.22,60.92,12.83,329.88
2002/6/6,124.25,181.27,116.72,81.17,79.49,12.8,15.71,15.82,71.57,61.18,12.61,330.28
2002/6/7,124.2,181.28,117.57,81.04,79.74,12.82,15.82,15.84,71.32,61.04,12.75,330.14
2002/6/10,124.55,181.81,117.56,81.16,79.98,12.77,15.81,15.84,71.04,60.69,12.7,331.07
2002/6/11,124.75,182.14,117.75,81.04,80.01,12.85,15.85,15.86,70.97,60.69,12.54,331.61
2002/6/12,125.45,184.65,118.85,81.64,80.63,12.99,15.99,16.02,71.44,61.36,12.56,333.47
2002/6/13,125.65,184.97,118.68,81.81,80.3,12.97,15.97,16,71.55,61.96,12.42,334
2002/6/14,124.95,183.79,117.7,81.17,79.82,12.87,15.83,15.89,70.67,61.04,12.15,332.14
2002/6/17,124.2,183.36,117.33,80.27,79.49,12.87,15.79,15.81,69.74,60.17,11.87,330.14
2002/6/18,124.35,183.96,117.42,80.39,79.53,13,15.81,15.84,69.37,60.07,11.8,330.54
2002/6/19,124.35,185.64,118.41,80.56,80.28,13.07,15.95,16.02,70.2,60.57,12.17,330.54
2002/6/20,124.25,185.16,118.8,80.65,80.73,13.1,16,16.16,70.29,60.62,12.18,330.28
2002/6/21,123.45,185.06,119.15,80.78,81.06,13.16,16.02,16.16,70.7,60.8,11.91,328.15
2002/6/24,121.65,182.24,118.3,80.04,80.63,13.08,15.93,16.02,69.9,60.58,11.85,323.37
2002/6/25,121.6,182.51,117.98,79.89,80.38,13.05,15.89,16.03,69.52,59.79,11.89,323.23
2002/6/26,121.2,183.34,119.39,80.13,81.37,13.13,16.08,16.21,69.65,60.14,11.7,322.17
2002/6/27,120.15,183.24,118.04,79.1,80.36,13,15.9,16,67.72,58.89,11.67,319.38
2002/6/28,119.45,182.67,117.98,79.03,80.17,12.99,15.91,15.99,67.53,58.54,11.55,317.52
2002/7/1,119.8,183.61,118.95,79,80.89,13.12,16.02,16.03,67.26,58.29,11.68,318.45
2002/7/2,119.8,183.55,118.57,78.99,80.65,13.06,15.97,16.06,67.24,58.35,12.02,318.45
2002/7/3,120.15,183.99,118.07,78.66,80.6,13.03,15.91,16.07,67.43,58.6,11.97,319.38
2002/7/4,119.95,183.09,117.47,78.3,80.28,12.91,15.83,16.04,66.93,58.38,11.84,318.85
2002/7/5,120.45,183.57,117.51,78.63,80.19,12.89,15.81,16.05,66.96,58.13,11.86,320.18
2002/7/8,119.4,182.49,116.95,78.32,79.63,12.82,15.76,16.02,66.68,58.08,11.87,317.38
2002/7/9,118.9,183.25,117.54,78.04,79.99,12.83,15.84,16.08,66.99,58.38,11.74,316.06
2002/7/10,118.2,182.84,117.21,77.94,79.54,12.7,15.78,16.04,67.13,58.23,11.88,314.19
2002/7/11,117.65,182.29,116.23,77.39,79.11,12.53,15.66,15.94,66.52,57.37,11.81,312.73
2002/7/12,117.25,181.89,115.75,76.89,78.94,12.51,15.58,15.9,65.52,56.64,11.65,311.67
2002/7/15,116.5,181.01,115.82,76.06,78.8,12.55,15.59,15.79,65.27,56.67,11.72,309.35
2002/7/16,116.35,182.87,117.16,75.59,79.87,12.67,15.77,15.89,65.2,56.49,11.65,309.03
2002/7/17,116,182.56,117.32,75.4,80,12.58,15.81,15.9,64.61,56.43,11.52,308.18
2002/7/18,116.55,182.95,117.24,75.69,80.04,12.62,15.79,15.9,64.24,56.13,11.55,309.64
2002/7/19,116.4,183.47,117.92,75.53,80.51,12.65,15.87,15.95,64.5,56.31,11.74,310.81
2002/7/22,116.15,183.05,117.43,75.24,80.58,12.53,15.82,15.78,64.52,56.5,11.65,308.66
2002/7/23,116.6,183.6,116.9,74.24,80.41,12.28,15.74,15.48,63.73,55.55,11.71,309.86
2002/7/24,117.5,183.92,116.2,74.25,80.01,12.26,15.63,15.37,63.54,55.61,11.68,312.17
2002/7/25,116.55,183.4,116.04,74.45,80.1,12.3,15.61,15.36,63.36,54.58,11.32,309.64
2002/7/26,116.7,184.67,117.38,74.34,81.15,12.42,15.8,15.51,63.11,54.48,11.58,310.04
2002/7/29,118.65,185.97,117.11,74.76,80.82,12.65,15.77,15.48,63.74,55.31,11.59,315.22
2002/7/30,119.65,187.13,117.36,76.16,80.5,12.66,15.8,15.58,64.81,56.15,11.84,317.88
2002/7/31,120.05,188.59,118.08,76.2,81.08,12.77,15.91,15.85,65.34,56.26,11.86,318.94
2002/8/1,119.95,187.4,117.22,75.67,80.71,12.66,15.79,15.72,64.93,55.66,11.79,318.68
2002/8/2,119,186.01,117.44,74.85,81.07,12.36,15.81,15.63,64.19,55.19,11.69,316.15
2002/8/5,118.95,186.47,117.14,75.12,80.7,12.38,15.77,15.52,64.03,55.2,11.66,316.02
2002/8/6,119.7,186.4,117.07,74.95,80.61,12.41,15.77,15.61,63.2,54.55,11.44,318.01
2002/8/7,121,186.23,117.07,76.31,80.22,12.55,15.77,15.53,64.13,54.78,11.44,321.47
2002/8/8,120.15,185.07,117.22,76.1,80.41,12.61,15.8,15.64,64.4,54.74,11.56,319.21
2002/8/9,121.2,185.73,117.19,76.66,80.11,12.63,15.78,15.7,64.66,55.11,11.68,322
2002/8/12,119.85,182.87,116.37,76.22,79.77,12.55,15.68,15.62,64.16,54.92,11.49,318.41
2002/8/13,118.9,181.7,116.31,75.47,79.56,12.57,15.67,15.61,64.21,55.16,11.42,315.89
2002/8/14,118.25,181.97,116.54,75.43,79.74,12.58,15.7,15.7,63.26,53.9,11.24,314.16
2002/8/15,117.4,180.4,114.95,75.06,78.61,12.48,15.48,15.47,63.36,54.29,11.2,312.07
2002/8/16,117.5,180.23,115.23,75.38,78.76,12.46,15.52,15.54,63.9,54.9,11.09,312.33
2002/8/19,117.55,181.23,115.97,75.4,79.08,12.59,15.62,15.71,64.25,55.1,11.16,312.3
2002/8/20,118.6,181.2,115.82,75.42,78.91,12.58,15.6,15.74,64.41,55.53,11.19,315.09
2002/8/21,118.5,181.41,116.25,75.74,79.15,12.66,15.66,15.86,64.93,55.87,10.94,314.82
2002/8/22,119.1,181.98,116.47,76.47,79.35,12.76,15.69,15.79,64.75,55.75,10.92,316.42
2002/8/23,119.9,182.25,116.17,76.88,78.89,12.65,15.66,15.72,64.91,56.13,11.06,318.54
2002/8/26,119.5,182.08,116.32,76.68,79.04,12.65,15.67,15.71,64.96,55.89,11.04,317.48
2002/8/27,119.7,182.12,116.43,77.07,79.1,12.78,15.69,15.78,65.51,56.37,11.1,318.01
2002/8/28,118.3,181.29,116.21,76.11,79.25,12.7,15.66,15.75,65.48,55.96,11.26,314.29
2002/8/29,118.9,182.51,116.44,76.13,79.23,12.77,15.7,15.79,65.59,55.8,11.24,315.89
2002/8/30,117.95,182.53,116.11,75.68,78.95,12.7,15.66,15.74,65.1,55.31,11.13,313.36
2002/9/2,118.7,183.99,116.42,76.09,79.11,12.65,15.69,15.74,65.17,55.63,11.21,315.27
2002/9/3,118.15,183.17,116.32,75.89,79.05,12.56,15.68,15.68,65.11,55.59,11.16,313.89
2002/9/4,117.25,183.44,116.78,75.54,79.78,12.5,15.74,15.66,63.91,54.58,10.89,311.67
2002/9/5,118.15,184.93,117.11,75.37,80.12,12.64,15.78,15.84,64.4,55.03,11.12,314.06
2002/9/6,118.6,185.95,117.65,75.45,80.61,12.73,15.86,15.98,64.33,55.28,11.26,315.26
2002/9/9,118.7,184.91,116.46,76.1,79.88,12.68,15.7,15.82,64.96,55.77,11.25,315.52
2002/9/10,118.85,184.87,116.48,75.99,79.88,12.69,15.69,15.83,65.31,55.91,11.35,315.92
2002/9/11,119.8,186.44,116.79,76.18,79.98,12.73,15.74,15.83,65.71,56.27,11.3,318.45
2002/9/12,120.35,186.98,117.47,76.07,80.17,12.82,15.83,15.93,66.02,57.05,11.43,319.91
2002/9/13,119.8,186.97,117.7,75.52,80.16,12.77,15.86,16.01,66.09,56.85,11.5,318.45
2002/9/17,122.4,188.52,118.3,77.32,80.38,13,15.94,16.15,67.21,57.72,11.44,325.36
2002/9/18,122.1,188.11,118.83,77.21,80.76,13.01,16.01,16.2,66.67,57.08,11.6,324.56
2002/9/19,121.9,188.96,119.22,77.26,81.26,13.1,16.05,16.25,66.87,57.45,11.54,324.03
2002/9/20,121.85,189.81,120.25,77.37,82.2,13.22,16.2,16.37,66.91,57.71,11.56,323.9
2002/9/24,123.7,191.76,120.73,78.12,82.52,13.33,16.26,16.46,67.06,57.92,11.58,328.81
2002/9/25,123.15,192.27,120.98,77.58,82.72,13.3,16.3,16.54,67.19,58.09,11.57,327.35
2002/9/26,122.6,191.08,119.83,77.55,81.84,13.09,16.14,16.4,66.88,57.83,11.65,325.89
2002/9/27,122.4,190.81,119.57,77.75,81.5,13.05,16.11,16.32,66.6,57.5,11.64,325.36
2002/9/30,122.6,191.5,120.32,77.61,82.15,13.17,16.21,16.42,66.62,57.56,11.66,325.89
2002/10/1,122.15,191.89,120.62,76.91,82.87,13.18,16.25,16.53,66.27,57.37,11.61,324.69
2002/10/2,122.85,191.94,120.63,77.68,82.4,13.35,16.26,16.52,66.97,58.24,11.83,326.56
2002/10/3,122.95,192.9,121.35,77.35,83.18,13.35,16.34,16.61,66.98,58.23,11.83,326.82
2002/10/4,122.6,192.31,120.97,77.04,82.85,13.33,16.29,16.56,66.92,58.53,11.84,325.89
2002/10/7,123.2,192.67,120.61,77.41,82.52,13.31,16.25,16.56,67.39,59.16,11.8,327.49
2002/10/8,124.25,194.65,122.15,77.93,83.52,13.44,16.45,16.78,68.34,60,11.87,330.28
2002/10/9,123.95,192.73,121.57,77.65,82.88,13.28,16.38,16.72,67.69,59.58,11.82,329.48
2002/10/10,123.3,192.95,121.98,77.18,83.39,13.29,16.43,16.75,67.72,59.1,11.82,327.75
2002/10/11,123.6,193.48,121.99,77.75,83.32,13.35,16.43,16.79,67.68,59.18,11.93,328.55
2002/10/15,124.55,193.86,123.04,78.42,84.12,13.54,16.57,16.92,67.95,59.46,11.92,331.07
2002/10/16,124.9,193.94,122.49,78.69,83.48,13.5,16.5,16.79,68.26,59.83,12,332
2002/10/17,124.75,193.64,122.22,78.75,83.31,13.46,16.46,16.65,68.43,59.92,12.04,331.61
2002/10/18,125.25,194.31,121.71,79.79,82.86,13.36,16.39,16.44,69.03,60.4,12.19,332.93
2002/10/21,125.45,193.85,121.62,79.7,82.71,13.42,16.38,16.43,69.24,60.66,12.14,333.47
2002/10/22,125,192.9,121.65,79.95,82.75,13.41,16.38,16.45,69.59,60.44,12.29,332.27
2002/10/23,125.05,193.05,122.2,79.77,83.16,13.35,16.45,16.47,69.04,60.34,12.23,332.4
2002/10/24,124.5,192.74,121.42,79.54,82.75,13.31,16.35,16.5,68.94,60.35,12.26,330.94
2002/10/25,124.4,193.44,121.7,79.4,82.92,13.31,16.38,16.52,68.99,60.55,12.32,330.68
2002/10/28,124.5,193.01,121.52,79.48,82.87,13.36,16.36,16.51,69.12,60.74,12.34,330.94
2002/10/29,123.6,192.7,121.55,79.29,82.99,13.37,16.37,16.43,69.1,60.55,12.34,328.55
2002/10/30,122.9,191.37,120.76,78.56,82.43,13.31,16.26,16.35,68.18,59.74,12.24,326.69
2002/10/31,123.2,191.95,121.29,78.42,82.82,13.4,16.33,16.46,68.09,59.54,12.26,327.49
2002/11/1,122.7,192.17,121.53,78.68,83.15,13.4,16.36,16.52,68.14,59.71,12.3,326.16
2002/11/5,122.05,190.06,121.77,78.41,83.27,13.36,16.4,16.57,68.49,60.66,12.38,324.43
2002/11/6,122.2,190.55,122.08,78.44,83.45,13.37,16.43,16.59,68.49,60.42,12.36,324.83
2002/11/7,121.7,190.5,122.43,78.35,83.67,13.42,16.49,16.66,68.82,60.66,12.38,323.5
2002/11/8,121.35,191.67,122.36,77.95,83.61,13.41,16.48,16.73,68.76,60.75,12.44,322.57
2002/11/11,119.95,190.79,121.47,76.69,83.04,13.37,16.36,16.61,67.74,59.35,12.33,318.85
2002/11/12,119.7,189.88,120.85,76.07,82.58,13.31,16.28,16.59,67.12,58.94,12.23,318.18
2002/11/13,119.85,190.43,121.23,75.89,82.84,13.38,16.32,16.6,67.18,59.11,12.23,318.58
2002/11/14,120.25,190.8,121.12,76.24,82.59,13.37,16.32,16.55,67.44,59.81,12.26,319.64
2002/11/15,120.7,190.6,121.19,76.64,82.61,13.35,16.32,16.59,67.93,60.48,12.49,320.84
2002/11/18,120.45,190.61,121.75,76,83.02,13.43,16.4,16.67,67.85,60.07,12.59,320.18
2002/11/19,120.9,191.3,122.07,76.08,83.2,13.46,16.45,16.71,67.97,60.11,12.59,321.37
2002/11/20,122.4,193.4,122.85,77.29,83.61,13.55,16.53,16.68,68.34,60.83,12.74,325.36
2002/11/21,122.65,192.87,122.76,77.37,83.49,13.52,16.53,16.77,68.77,61.29,12.71,326.02
2002/11/22,122.85,194.2,123.08,77.88,83.74,13.74,16.58,16.86,69.09,61.78,12.83,326.56
2002/11/25,123.2,194.45,122.61,78.11,83.25,13.65,16.51,16.81,69.48,61.93,13.05,327.49
2002/11/26,121.95,190.83,120.9,77.48,82.07,13.41,16.29,16.58,68.23,60.88,13.2,324.16
2002/11/27,121.7,189.1,120.96,77.17,82.14,13.34,16.29,16.61,68.16,60.4,13.25,323.5
2002/11/28,122.35,189.21,121.14,77.7,82.18,13.32,16.32,16.66,68.12,60.29,13.28,325.23
2002/11/29,122.4,189.84,121.58,77.75,82.41,13.39,16.39,16.71,68.83,60.65,13.26,325.36
2002/12/2,122.85,191.52,122.13,78.62,82.75,13.54,16.45,16.8,68.82,61.27,13.29,326.56
2002/12/3,124.45,193.67,124.05,79.88,84.24,13.78,16.72,17.06,69.51,62.01,13.52,330.81
2002/12/4,124.25,195.02,123.96,79.75,84.24,13.72,16.7,17.08,69.53,61.94,13.47,330.28
2002/12/5,124.65,195.71,124.76,79.87,84.67,13.78,16.81,17.2,70.02,62.61,13.75,331.34
2002/12/6,125.1,196.54,125.24,79.98,85.07,13.85,16.87,17.23,70.21,62.88,13.76,332.54
2002/12/9,123.3,194.57,124.58,78.8,84.68,13.77,16.79,17.14,69.44,62,13.42,327.75
2002/12/10,123.4,195.19,124.78,78.95,84.68,13.74,16.81,17.09,69.56,62.22,13.6,328.02
2002/12/11,123.95,194.64,124.79,79.44,84.69,13.76,16.81,17.05,69.42,62.15,13.84,329.48
2002/12/12,123.6,194.73,124.66,79.38,84.54,13.74,16.8,16.98,69.39,62.16,13.92,328.55
2002/12/13,122.5,193.55,124.78,78.82,84.49,13.68,16.81,17.01,69.32,62.36,13.73,325.62
2002/12/16,120.6,191.67,123.35,77.23,83.48,13.5,16.62,16.86,68.3,62.01,13.83,320.57
2002/12/17,121.35,193.07,124.01,77.77,84.04,13.66,16.71,17.03,68.65,62.43,13.82,322.91
2002/12/18,121.35,193.84,124.78,78.32,85.04,13.74,16.81,17.13,68.61,62.67,13.38,322.57
2002/12/19,121.05,194.14,124.2,77.87,84.83,13.69,16.74,17.04,68.54,62.24,13.67,321.77
2002/12/20,120.8,193.51,123.98,77.88,84.83,13.61,16.71,17.04,68.46,62.47,13.54,321.11
2002/12/24,120.35,191.91,123.47,77.61,84.83,13.55,16.63,16.99,67.56,62.1,13.68,319.91
2002/12/25,120.35,191.99,124.09,77.75,85.45,13.61,16.73,17.12,67.82,62.33,13.54,319.91
2002/12/26,120.35,192.25,124.26,77.72,85.62,13.62,16.75,17.15,67.83,62.38,13.63,319.91
2002/12/27,120.2,192.62,124.72,76.89,85.82,13.68,16.81,17.17,67.79,62.3,13.67,319.51
2002/12/30,119.95,192.53,125.14,76.44,86.15,13.63,16.86,17.15,67.46,62.46,13.66,318.85
2003/1/6,119.85,193.03,124.88,76.61,85.76,13.75,16.83,17.24,68.16,63.23,14.19,318.58
2003/1/7,119.4,191.83,124.69,76.49,85.61,13.74,16.8,17.24,68.66,63.58,13.97,317.38
2003/1/8,120.25,193.04,125.24,76.96,85.89,13.84,16.87,17.36,69.02,63.82,13.94,319.64
2003/1/9,118.9,192.26,125.18,76.18,85.89,13.78,16.86,17.33,68.7,63.53,14.02,316.06
2003/1/10,119.65,192.17,125.37,77.07,85.85,13.76,16.89,17.37,68.92,63.82,14.01,318.05
2003/1/14,118.95,190.31,125.37,77.19,85.82,13.69,16.89,17.11,69.66,64.38,13.8,316.19
2003/1/15,118.1,189.73,124.74,76.6,85.2,13.62,16.8,17,69.28,63.95,13.42,313.93
2003/1/16,118.25,189.71,124.84,77.01,85.41,13.63,16.81,17.14,69.47,64.2,13.59,314.33
2003/1/17,118,189.9,125.27,76.86,85.84,13.65,16.86,17.23,69.54,64.53,13.37,313.66
2003/1/20,118.05,190.01,125.75,76.91,86.08,13.7,16.92,17.28,69.77,65.13,13.4,313.8
2003/1/21,118.5,190.45,126.39,77.24,86.54,13.77,17.02,17.25,70.01,65.41,13.43,314.99
2003/1/22,118.2,191.12,126.82,77.14,86.77,13.72,17.07,17.06,69.63,64.74,13.11,314.19
2003/1/23,118.6,192.01,127.07,77.46,86.84,13.76,17.1,17.14,69.54,64.34,13.29,315.26
2003/1/24,118.05,191.65,126.94,77.43,86.69,13.72,17.09,16.97,70.09,65.07,13.53,313.8
2003/1/27,117.9,192.44,127.65,77.63,87.04,13.82,17.17,17.08,69.91,64.81,13.42,310.84
2003/1/28,118.5,193.61,128.41,77.58,87.51,13.91,17.28,17.17,69.8,64.78,13.64,312.42
2003/1/29,118.6,194.54,128.46,77.62,87.49,13.91,17.29,17.21,69.84,64.8,13.57,315.26
2003/1/30,118.7,195.38,128.36,78.02,87.38,13.96,17.28,17.26,69.83,65.13,13.91,315.52
2003/1/31,119.05,197.38,128.84,77.94,87.83,14.01,17.35,17.33,69.86,64.93,13.92,316.45
2003/2/3,119.95,197.5,129.1,78.92,87.88,13.96,17.37,17.29,70.18,65.04,14.15,318.85
2003/2/4,120.35,197.77,129.73,79.26,88.43,14.04,17.45,17.34,70.4,65.54,14.08,319.91
2003/2/5,119.75,197.37,130.19,79.04,88.87,14.1,17.52,17.32,70.89,65.86,14.45,318.31
2003/2/6,120.2,197.19,129.55,79.02,88.3,14.03,17.44,17.2,70.81,65.92,14.34,319.51
2003/2/7,119.75,195.9,129.71,78.9,88.45,14.13,17.44,17.32,70.86,65.86,14.34,318.31
2003/2/10,120.45,196.51,130.25,79.08,88.86,14.23,17.54,17.38,71.13,66.25,14.32,320.18
2003/2/12,121.1,196.17,130.06,79.26,88.64,14.2,17.51,17.45,71.65,66.74,14.45,321.9
2003/2/13,121.25,196.01,129.88,79.14,88.41,14.23,17.49,17.41,71.45,66.64,14.47,322.73
2003/2/14,120.45,195.29,130.57,79.37,88.95,14.35,17.58,17.37,71.69,66.93,14.59,320.6
2003/2/17,120.75,193.91,129.56,79.21,87.95,14.22,17.44,17.21,71.47,66.52,14.46,320.97
2003/2/18,119.85,191.69,128.5,78.83,87.35,14.11,17.31,17.09,70.63,65.89,14.32,318.92
2003/2/19,119,189.31,127.16,78.46,86.46,13.95,17.12,16.92,70.22,65.51,14.23,316.32
2003/2/20,118.9,190.05,127.91,78.62,86.98,14.07,17.22,17,70.8,65.93,14.47,316.06
2003/2/21,118.45,188.89,128.17,78.68,87.3,14.05,17.26,17.09,70.82,66.26,14.67,314.86
2003/2/24,118.5,186.6,127.06,78.91,86.45,13.94,17.11,16.87,70.77,66.16,14.76,314.99
2003/2/25,118.15,187.46,127.46,79.18,87.01,13.97,17.17,16.78,71.53,66.84,14.64,314.48
2003/2/26,117.45,184.81,126.22,78.5,86.41,13.86,17.01,16.55,71.05,66.32,14.57,312.2
2003/2/27,117.1,185.39,126.46,78.47,86.48,13.92,17.03,16.43,71.31,66.33,14.41,311.27
2003/2/28,117.75,185.89,126.55,78.8,86.51,13.88,17.05,16.32,71.23,66.13,14.75,313
2003/3/3,118.2,186.19,127.5,79.69,87.25,13.92,17.18,16.51,71.87,66.04,14.56,314.19
2003/3/4,117.55,185.89,128.15,79.23,87.92,13.92,17.26,16.5,72.14,65.84,14.88,312.47
2003/3/5,117.4,186.42,128.62,79.63,88.19,14.01,17.33,16.57,72.33,66.11,14.69,312.07
2003/3/6,117.4,187.93,128.68,79.89,88.18,14.02,17.33,16.66,72.07,66.42,14.81,312.07
2003/3/7,117.5,187.69,128.9,79.82,88.06,14.02,17.37,16.43,72.09,66.43,14.73,312.33
2003/3/10,116.9,187.53,128.91,79.7,87.71,13.98,17.37,16.19,71.71,65.74,14.77,310.74
2003/3/11,117,187.31,129.2,79.96,88.12,13.97,17.41,16.26,71.98,65.54,14.83,311
2003/3/12,117.15,188.21,129.17,79.57,88.06,13.9,17.4,16.33,70.86,64.97,14.88,311.73
2003/3/13,117.9,189.78,129.34,79.69,88.08,13.92,17.4,16.49,69.64,64.16,14.66,313.4
2003/3/14,118.4,189.77,127.93,79.76,87.12,13.86,17.24,16.36,70.39,64.79,14.57,314.64
2003/3/17,117.95,187.39,127.39,80.14,86.88,13.82,17.16,16.37,70.73,65.12,14.55,313.53
2003/3/18,118.6,185.8,126,79.96,85.85,13.68,16.97,16.15,70.26,65.08,14.34,315.26
2003/3/19,118.7,185.93,126.18,80.5,85.79,13.66,16.97,15.89,70.46,65.05,14.6,315.52
2003/3/20,120.4,188.65,127.24,80.94,86.39,13.86,17.14,16.15,71.13,66.24,14.81,320.04
2003/3/24,121.25,189.8,128.26,81.36,86.97,13.98,17.27,16.31,71.84,66.87,14.75,322.3
2003/3/25,120.65,190.16,128.5,81.43,87.19,13.95,17.31,16.34,71.75,66.71,14.92,320.71
2003/3/26,120,188.96,127.87,81.25,86.73,13.85,17.22,16.34,71.66,66.1,14.9,318.98
2003/3/27,119.95,189.07,128.38,81.76,86.88,13.9,17.3,16.38,71.79,65.64,15.27,318.85
2003/3/28,120.1,188.03,128.34,82.1,86.83,13.91,17.29,16.32,72.08,66.14,15.15,320.87
2003/3/31,120.2,189.4,129.7,81.7,87.97,14.08,17.49,16.49,72.25,66.36,15.09,319.51
2003/4/1,118.25,187.01,128.95,80.53,87.43,13.98,17.38,16.26,71.64,65.71,15.07,314.33
2003/4/2,117.9,186.08,128.85,80.01,87.19,13.95,17.36,16.4,71.42,65.54,15.04,313.31
2003/4/3,119,186.54,128.12,80.96,86.29,13.89,17.27,16.39,71.69,65.76,15.03,317.93
2003/4/4,119.35,187.74,128.42,80.86,86.59,13.96,17.31,16.48,71.88,65.45,15.22,317.25
2003/4/7,120.5,187.9,128.62,81.53,86.41,14.02,17.33,16.58,72.32,64.76,15.19,320.31
2003/4/8,119.9,186.49,128.08,81.13,86.23,13.94,17.24,16.46,71.87,64.87,15.08,318.71
2003/4/9,120.05,186.87,128.73,81.81,86.65,14.1,17.35,16.58,72.27,65.56,14.97,319.11
2003/4/10,120.1,188.23,129.54,81.93,87.09,14.17,17.45,16.63,72.92,65.72,15.12,319.25
2003/4/11,119.7,188.29,129.04,82.27,86.25,14.09,17.38,16.39,72.59,65.43,15.36,317.68
2003/4/14,120.85,189.71,129.51,83.07,86.49,14.16,17.45,16.45,72.92,65.77,15.54,321.24
2003/4/15,120.45,189.23,129.78,82.72,86.67,14.23,17.48,16.54,72.75,65.85,15.46,320.18
2003/4/16,120.4,189.02,129.98,83.1,86.44,14.22,17.52,16.59,73.25,66.56,15.8,320.04
2003/4/17,119.6,189.17,130.52,82.28,87.2,14.28,17.59,16.62,73.29,66.68,15.67,317.92
2003/4/18,119.75,188.4,130.31,82.52,86.73,14.25,17.56,16.62,73.56,66.71,15.77,318.31
2003/4/21,119.7,188.42,130.45,82.47,86.81,14.29,17.57,16.58,73.65,66.72,15.75,318.18
2003/4/22,120.65,188.77,131.01,82.83,86.89,14.34,17.65,16.72,74.2,67.14,15.75,320.71
2003/4/23,120.15,189.6,131.72,82.94,87.55,14.45,17.75,16.81,74.46,67.48,15.96,319.38
2003/4/24,120.5,191.11,132.02,82.87,87.64,14.5,17.8,16.83,74.63,66.78,16.41,320.31
2003/4/25,120.15,191.43,132.54,82.57,88.28,14.57,17.86,16.98,74.34,66.64,16.64,319.38
2003/4/28,120,191.46,132.7,82.98,88.33,14.55,17.88,17.02,74.04,66.74,16.58,318.98
2003/4/30,119.65,191.16,133.13,83.06,88.21,14.62,17.92,17.07,74.61,67.02,16.93,318.05
2003/5/1,119,190.19,133.01,83.18,87.81,14.6,17.92,17.02,74.55,66.95,16.31,316.32
2003/5/2,118.65,191.09,133.27,83.56,88.15,14.61,17.96,17.04,75.05,66.81,16.41,315.39
2003/5/6,118.55,190.58,133.75,83.9,88.3,14.74,18.02,16.99,75.23,67.17,16.57,315.12
2003/5/7,117.65,189.79,134.24,84.35,88.69,14.78,18.09,17.04,75.45,67.18,16.08,312.73
2003/5/8,116.6,186.27,132.39,83.42,88.07,14.55,17.84,16.88,74.52,66.35,16.06,309.94
2003/5/9,117.25,188.14,135.08,84.15,89.5,14.79,18.2,17.16,75.33,67.49,16.16,311.59
2003/5/12,117,187.76,135.21,84.11,89.53,14.73,18.21,17.18,75.58,67.65,16.2,311
2003/5/13,117.4,188.64,134.81,84.24,89.05,14.72,18.17,17.13,75.95,67.65,16.13,312.07
2003/5/14,116.8,187.78,134.37,84.11,88.69,14.66,18.11,17.07,75.44,67.04,15.85,310.47
2003/5/15,116.3,188.29,133.5,84.58,88.25,14.56,18,16.98,75.16,66.88,15.21,309.14
2003/5/16,116.5,188.96,132.79,84.32,88.12,14.5,17.9,16.95,74.77,66.7,14.61,309.68
2003/5/19,115.6,188.39,135.11,85.2,89.16,14.75,18.21,17.17,76.1,67.85,15.13,307.28
2003/5/20,117.05,191.07,136.25,86.28,90.18,14.9,18.36,17.07,76.67,68.37,14.8,311.14
2003/5/21,116.7,191.54,136.76,86.78,90.51,14.9,18.43,17.25,76.95,68.61,15.07,310.21
2003/5/22,117.5,192.28,136.9,86.91,90.54,14.95,18.45,17.43,76.93,68.34,14.98,312.33
2003/5/23,117.4,191.64,137.03,85.61,90.43,14.97,18.47,17.45,77.1,68.3,15.08,312.07
2003/5/26,116.85,191.53,138,84.83,90.51,15.03,18.6,17.53,77.04,68.36,14.89,310.61
2003/5/27,116.65,191.57,138.79,85.02,90.86,15.09,18.7,17.59,77.27,68.5,14.86,310.07
2003/5/28,117.25,192.23,138.53,85.09,91.05,15.12,18.68,17.57,76.83,68.17,14.49,311.67
2003/5/29,118.5,194.13,139.49,85.58,91.46,15.27,18.8,17.73,77.13,68.34,14.51,314.99
2003/5/30,118.3,195.57,140.61,86.53,92.09,15.35,18.96,17.83,77.29,68.54,15.05,314.46
2003/6/2,119.25,194.22,139.68,86.96,91.41,15.31,18.82,17.77,77.52,68.65,14.63,316.99
2003/6/3,118.5,193.95,139.15,86.62,91.05,15.26,18.74,17.67,77.82,68.82,14.82,314.99
2003/6/4,119.3,194.39,139.84,87.66,90.94,15.35,18.86,17.4,78.92,69.22,14.82,317.12
2003/6/5,118.6,193.35,138.11,87.03,89.91,15.16,18.61,17.1,78.67,68.95,14.54,315.26
2003/6/6,117.8,195.87,139.63,87.54,90.47,15.32,18.82,17.16,78.77,68.25,14.94,313.13
2003/6/9,118.5,196.39,138.34,87.1,89.52,15.2,18.65,16.98,78.04,68.29,14.59,314.99
2003/6/10,118.2,194.27,138.51,86.96,89.85,15.18,18.66,16.95,77.61,67.74,14.95,314.19
2003/6/11,117.8,194.7,137.47,86.31,89.57,15.09,18.53,16.87,77.15,67.35,14.93,314.72
2003/6/12,117.9,196.5,138.51,87.17,90.06,15.25,18.67,16.83,78.1,68.06,14.92,314.99
2003/6/13,117.75,196.84,138.5,87.36,89.86,15.28,18.66,17,78.46,68.17,15.17,313
2003/6/16,117.3,196.64,139.43,87.83,90.37,15.36,18.79,17,78.36,68.26,14.98,311.8
2003/6/17,117.55,197.71,139.07,87.61,90.11,15.33,18.75,16.93,78.56,68.59,15.09,312.47
2003/6/18,118.2,199.08,139.2,88.25,90.28,15.41,18.76,16.99,79.21,69.21,15.17,315.79
2003/6/19,118.25,198.58,138.07,88.35,89.29,15.25,18.6,16.94,79.57,69.2,14.96,314.33
2003/6/20,118.5,199.15,138.93,87.98,90,15.27,18.72,16.99,79.62,69.57,15.05,314.99
2003/6/23,118.5,196.98,137.22,87.11,88.96,15.11,18.48,16.78,79.17,69.31,15.06,314.99
2003/6/24,117.7,196.15,135.92,86.65,88.86,14.9,18.31,16.63,78.18,69.07,14.88,312.87
2003/6/25,117.95,196.01,135.67,86.73,88.73,14.82,18.28,16.61,78.34,69.2,15.22,313.53
2003/6/26,118.2,197.39,136.23,87.57,88.67,14.88,18.35,16.47,79.05,69.1,15.31,314.19
2003/6/27,119.35,198.48,136.54,88.1,88.49,14.9,18.4,16.47,79.62,69.39,15.78,317.25
2003/6/30,119.75,198.03,136.81,88.82,88.72,14.89,18.43,16.51,79.77,69.74,16.05,318.31
2003/7/1,119.45,197.81,137.69,88.72,88.34,15,18.54,16.62,80.38,70.19,15.99,317.52
2003/7/2,119.5,198.76,138.08,88.35,88.87,15.01,18.58,16.71,81.19,71.16,16.12,317.65
2003/7/3,118.3,197.03,136.38,88.38,87.92,14.86,18.35,16.46,80.56,70.44,15.98,314.46
2003/7/4,118.35,197.66,135.84,88.46,87.65,14.83,18.28,16.45,80.71,70.5,15.85,314.59
2003/7/7,118.2,197.05,135.58,88.24,87.59,14.7,18.25,16.37,80.68,70.81,15.82,314.19
2003/7/8,118.2,194.84,133.68,87.72,86.02,14.52,17.99,16.15,79.93,70.59,15.72,314.19
2003/7/9,118.45,193.75,134.05,86.9,86.48,14.66,18.04,16.25,78.33,70.19,15.61,314.86
2003/7/10,117.9,192.59,133.5,85.56,86.55,14.6,17.97,16.12,77.02,68.88,15.6,313.4
2003/7/11,117.8,192.94,133.59,85.17,86.25,14.61,17.97,16.07,77.3,69.29,15.63,313.13
2003/7/14,117.75,191.65,132.69,85.41,85.45,14.51,17.85,15.98,77.44,69.35,15.51,313
2003/7/15,117.75,189.91,132.75,85.64,85.61,14.54,17.87,15.92,77.46,68.98,15.46,313
2003/7/16,118.4,188.04,131.93,85.06,85.12,14.45,17.77,15.86,77.1,68.75,15.43,314.73
2003/7/17,118.2,188.82,132.58,85.13,86.02,14.44,17.82,15.87,77.39,69.03,15.34,314.19
2003/7/18,118.95,189.9,133.58,84.98,87.06,14.46,17.97,15.95,77.16,68.3,15.43,316.19
2003/7/22,118.9,189.99,134.74,84.6,87.72,14.52,18.13,16.13,77.51,68.44,15.68,316.06
2003/7/23,118.95,189.63,134.88,84.01,87.31,14.55,18.15,16.16,77.48,68.36,15.66,316.19
2003/7/24,118.9,191.14,136.43,84.99,88.2,14.8,18.37,16.38,78.63,69.49,15.95,316.06
2003/7/25,119.3,192.54,136.75,85.5,88.46,14.86,18.41,16.6,79.2,70.01,15.96,317.12
2003/7/28,119.05,192.8,136.74,86.1,88.32,14.89,18.4,16.57,78.85,69.87,16.11,316.45
2003/7/29,119.5,194.19,137.27,86.37,88.77,14.97,18.48,16.72,79.35,70.31,16.22,317.65
2003/7/30,119.95,194.92,137.26,86.13,88.75,14.95,18.48,16.63,79.55,70.65,16.28,318.85
2003/7/31,120.25,194.4,136.56,85.9,88.23,14.88,18.39,16.73,78.46,70.13,16.44,319.64
2003/8/1,120.55,194.03,135.35,85.78,87.86,14.68,18.23,16.55,78.2,69.88,16.3,320.44
2003/8/4,119.85,193.29,135.03,85.61,87.87,14.61,18.18,16.5,78.12,70.05,16.15,318.58
2003/8/5,120.45,193.97,136.69,85.72,89.32,14.8,18.4,16.64,77.9,69.87,16.19,320.18
2003/8/6,120.1,193.7,136.77,85.8,89.15,14.83,18.39,16.69,77.86,70.07,16.36,319.25
2003/8/7,120.15,193.41,136.26,85.58,88.8,14.77,18.34,16.68,77.98,69.9,16.42,319.38
2003/8/8,119.25,192.7,135.49,85.61,88.19,14.72,18.24,16.6,77.62,69.17,16.35,316.99
2003/8/11,119.1,190.83,134.4,85.47,87.41,14.61,18.09,16.46,77.64,69.42,16.27,316.59
2003/8/12,118.7,190.74,134.81,85.95,87.43,14.58,18.14,16.38,78.14,69.89,16.19,315.52
2003/8/13,118.65,190.02,133.65,85.59,86.64,14.5,17.97,16.24,77.83,69.58,16.12,315.39
2003/8/14,119.35,191.96,135.26,86.55,87.42,14.67,18.21,16.28,78.54,70.26,16.12,317.25
2003/8/15,118.85,190.53,133.9,85.39,86.81,14.55,18.02,16.15,78.08,69.87,16.29,315.92
2003/8/18,119.25,190.42,134.06,86.01,86.82,14.49,18.04,16.13,78.84,70.42,16.2,316.99
2003/8/19,119.4,189.79,133.01,85.68,85.95,14.36,17.9,15.98,78.41,69.97,16.5,317.38
2003/8/20,118.7,188.57,132.03,85.03,85.38,14.23,17.77,15.88,77.75,69.46,16.13,315.52
2003/8/21,118.1,188.12,131,84.27,84.92,14.19,17.63,15.83,77.83,69.55,16.11,313.93
2003/8/22,117.9,186.07,128.83,83.86,83.5,14.02,17.35,15.55,77.14,69.07,15.67,313.4
2003/8/25,117.65,185,127.91,84.09,83.02,13.86,17.2,15.38,76.58,68.74,15.83,312.73
2003/8/26,117.4,184.01,127.19,83.71,82.59,13.76,17.13,15.32,76.1,67.66,15.75,312.07
2003/8/27,117.45,184.16,127.67,84.18,83.22,13.79,17.19,15.3,75.57,67.55,16.09,312.2
2003/8/28,117.5,184.52,127.69,83.71,82.92,13.83,17.19,15.32,74.92,66.56,16.08,312.33
2003/8/29,117.15,184.96,127.54,83.76,82.98,13.84,17.17,15.39,74.96,67.1,16.01,311.4
2003/9/1,116.6,184.03,128.04,84.1,83.26,13.99,17.26,15.55,75.39,67.51,15.9,309.86
2003/9/2,116.8,183.6,127.8,84.68,83.1,13.94,17.22,15.5,75.22,67.39,15.93,310.47
2003/9/3,116.45,182.27,125.39,83.63,81.83,13.7,16.9,15.22,73.98,65.88,15.97,309.54
2003/9/4,115.95,182.06,125.62,83.92,81.82,13.79,16.93,15.29,74.1,65.79,16.06,308.21
2003/9/5,116.95,184.93,127.83,85.28,83.11,14,17.22,15.53,75.06,66.68,16.09,310.87
2003/9/8,117.35,186.59,130.25,85.72,84.72,14.3,17.55,15.83,75.96,67.62,15.67,311.94
2003/9/9,116.7,184.83,129.05,84.97,83.74,14.16,17.38,15.66,75.59,67.24,15.52,310.21
2003/9/10,116.95,186.11,131.22,85.47,84.82,14.36,17.68,15.89,77.05,68.25,15.67,310.87
2003/9/11,117.1,186.34,131.02,85.73,84.48,14.36,17.66,15.84,76.84,68.12,15.95,311.27
2003/9/12,117.2,186.92,131.17,85.47,84.52,14.44,17.66,15.86,77.32,68.29,15.9,311.54
2003/9/16,117.3,188.27,132.38,85.8,84.99,14.49,17.84,16.01,78.2,69.15,15.86,313.38
2003/9/17,116.25,184.61,129.75,84.85,83.54,14.28,17.46,15.69,76.93,67.98,15.54,310.58
2003/9/18,116.15,186.87,131.05,85.05,84.17,14.52,17.66,16.02,77.27,67.99,15.79,308.75
2003/9/19,115.45,186.75,129.84,84.78,83.32,14.36,17.49,15.98,77.09,67.82,15.76,306.88
2003/9/22,112.5,185.32,128.77,83.81,82.66,14.25,17.35,15.8,76.59,67.37,15.43,299.04
2003/9/24,112.25,185.32,128.46,82.67,82.62,14.39,17.3,15.89,75.61,66.5,15.54,298.38
2003/9/25,111.8,185.04,128.38,82.72,82.72,14.5,17.28,16.02,75.92,66.66,15.84,297.18
2003/9/26,112.05,185.75,128.64,82.99,83.28,14.45,17.33,15.97,76.05,66.75,15.88,297.85
2003/9/29,111.6,185.08,127.76,82.43,82.86,14.28,17.2,15.75,75.32,65.82,15.48,296.65
2003/9/30,111.25,185.38,129.14,82.15,83.99,14.45,17.41,15.89,75.27,65.99,15.71,295.72
2003/10/1,111.35,185.2,130,82.4,84.54,14.4,17.51,15.84,76.04,66.45,16.06,295.99
2003/10/2,110.95,185.18,130.04,82.42,84.35,14.44,17.52,15.83,76.16,66.65,16.1,294.92
2003/10/3,110.95,185.43,129.63,82.93,84.09,14.44,17.46,15.86,75.96,66.46,16.24,294.92
2003/10/6,111.15,184.69,128.7,82.58,83.33,14.34,17.33,15.73,75.33,65.83,16.04,295.45
2003/10/7,111.15,186.18,130.19,82.89,84.2,14.56,17.53,15.9,76.17,66.21,16.15,295.45
2003/10/8,109.7,182.6,129.24,82.49,83.49,14.42,17.4,15.71,75.73,65.66,15.98,291.6
2003/10/9,109.6,182.26,129.71,82.31,83.71,14.47,17.46,15.77,75.62,65.64,16.03,291.33
2003/10/10,109.3,182.01,128.15,81.67,82.85,14.27,17.26,15.59,75.26,65.35,15.71,290.54
2003/10/14,109.1,181.3,127.22,82.47,82.2,14.16,17.12,15.45,75.01,64.88,15.6,290.01
2003/10/15,108.9,182.09,127.72,82.27,82.63,14.23,17.2,15.49,75.14,64.8,15.74,289.47
2003/10/16,109.65,182.74,127.44,82.49,82.28,14.27,17.17,15.45,75.42,65.18,15.69,291.47
2003/10/17,109.8,183.88,127.36,83.33,82.22,14.2,17.15,15.46,75.6,65.27,15.71,291.87
2003/10/20,109.2,183.19,127.61,82.85,82.19,14.15,17.18,15.46,75.74,65.11,15.26,290.27
2003/10/21,109.9,183.53,127.8,83.14,82.36,14.1,17.2,15.4,76.11,65.41,15.33,292.13
2003/10/22,109.55,183.47,127.8,83.17,82.31,14.17,17.2,15.46,76.62,66.19,15.32,291.2
2003/10/23,109.05,184.68,128.86,83.67,83.05,14.28,17.35,15.65,76.93,66.47,15.69,289.87
2003/10/24,109.65,186.08,129.58,84.02,83.71,14.33,17.44,15.72,76.83,66.83,15.81,291.47
2003/10/27,108.95,184.72,128.26,83.38,82.88,14.12,17.27,15.51,76.45,66.42,15.81,289.61
2003/10/28,108.4,183.51,126.97,82.69,82.14,14.02,17.1,15.41,76.31,66.21,15.85,288.14
2003/10/29,108.15,183.44,126.25,82.53,81.29,13.96,17,15.4,76.4,66.34,15.62,287.48
2003/10/30,108.35,184.08,126.4,82.53,81.46,14.04,17.01,15.37,76.22,66.25,15.78,288.01
2003/10/31,108.8,184.46,126.38,82.68,81.6,13.97,17,15.41,76.45,66.44,15.79,289.21
2003/11/4,110.6,185.34,126.75,82.62,81.24,14.01,17.05,15.42,77.25,67.2,16,293.99
2003/11/5,109.8,184.83,126,82.52,80.47,13.96,16.95,15.31,77.8,67.41,15.93,291.87
2003/11/6,110,184.32,125.69,82.42,80.16,13.93,16.91,15.25,78.12,67.85,15.94,292.4
2003/11/7,110.2,183.91,125.85,82.31,79.99,14,16.93,15.27,77.9,67.76,15.75,292.93
2003/11/10,109.6,183.55,126.32,82.77,80.29,14.08,16.99,15.33,78,67.7,15.83,291.33
2003/11/11,108.85,181.51,124.79,82.97,79.27,13.92,16.79,15.18,77.89,67.86,15.72,289.34
2003/11/12,108.85,181.27,125.33,82.94,79.91,13.94,16.86,15.26,77.82,68.09,15.79,289.34
2003/11/13,108.6,182.12,126.42,83.24,80.43,14.11,17,15.43,78.02,68.16,15.88,288.68
2003/11/14,108.2,182.7,127.1,83.32,81.04,14.21,17.09,15.5,78.06,68.26,16.01,287.61
2003/11/17,108.7,183.96,128.64,83.58,82.37,14.36,17.29,15.66,78.33,68.87,16.15,288.94
2003/11/18,108.9,184.26,128.04,82.81,82.25,14.29,17.22,15.59,77.43,68.21,16.27,289.47
2003/11/19,108.15,184.16,129.52,83.17,83.68,14.44,17.43,15.83,78.24,68.92,16.53,287.48
2003/11/20,109.1,185.43,129.99,83.67,83.67,14.48,17.49,15.91,78.86,69.61,16.55,290.01
2003/11/21,109.25,185.97,129.93,83.8,83.97,14.47,17.48,15.92,78.8,69.9,16.75,290.4
2003/11/25,109.5,185.71,128.89,83.08,82.94,14.38,17.33,15.81,78.82,69.76,16.59,291.07
2003/11/26,109.45,186.01,129.05,83.5,83.07,14.39,17.35,15.82,78.66,69.8,16.79,290.94
2003/11/27,108.95,186.47,129.98,83.37,84.14,14.42,17.48,15.92,78.76,69.89,17.05,291.08
2003/11/28,109.45,187.72,130.41,83.82,84.28,14.44,17.54,15.97,79,69.98,17.15,290.94
2003/12/1,110,189.55,132.22,84.5,85.38,14.61,17.77,16.18,79.64,70.49,17.26,292.4
2003/12/2,109.35,188.03,130.87,83.81,84.24,14.51,17.59,16.03,79.55,70.33,17.26,290.67
2003/12/3,108.8,188.28,131.53,83.78,84.5,14.59,17.68,16.09,79.57,70.21,17.17,289.21
2003/12/4,108.15,186.73,131.01,83.06,84.06,14.61,17.61,16.13,79.75,69.95,17.53,287.48
2003/12/5,108.35,186.45,130.88,82.61,84.08,14.61,17.6,16.21,79.6,69.97,17.06,288.01
2003/12/8,107.65,186.15,130.99,82.51,84.45,14.63,17.61,16.18,79.46,69.64,17.24,286.15
2003/12/9,107.4,186.21,131.25,82.74,84.73,14.68,17.64,16.13,79.48,69.51,16.77,285.49
2003/12/10,107.25,187.14,131.27,81.96,84.77,14.69,17.63,16.17,79.43,69.57,16.8,285.09
2003/12/11,108.35,188.62,132.06,82.7,85.39,14.76,17.76,16.23,79.88,70.18,16.75,288.01
2003/12/12,108.1,188.76,132.09,82.02,85.08,14.71,17.77,16.18,80.03,70.14,16.97,287.35
2003/12/15,108.05,188.04,131.71,81.86,84.9,14.71,17.72,16.11,79.87,69.83,16.98,287.21
2003/12/16,107.85,188.32,132.82,82,85.49,14.75,17.86,16.15,80.21,69.99,17.14,286.68
2003/12/17,107.45,188.48,132.41,80.98,85.28,14.65,17.8,16.09,79.86,69.89,16.91,285.62
2003/12/18,107.45,189.77,133.25,80.93,85.7,14.73,17.9,16.01,79.49,69.56,16.56,285.62
2003/12/19,107.7,190.67,133.67,80.76,86.08,14.74,17.96,16.02,79.63,69.63,16.17,286.28
2003/12/22,107.95,190.63,133.7,80.77,86.07,14.76,17.98,16.06,79.26,69.49,15.53,286.95
2003/12/24,107.5,189.63,133.38,81.27,85.53,14.75,17.92,15.93,79.4,69.36,15.55,285.75
2003/12/25,107.2,190.37,133.53,81.88,85.93,14.68,17.96,15.92,79.59,69.33,16.11,284.88
2003/12/26,107.35,190.61,133.7,81.94,86.05,14.72,17.97,15.92,79.68,69.52,15.96,285.28
2003/12/29,107.35,190.28,133.47,81.8,85.59,14.67,17.94,15.8,79.58,69.56,16.19,285.35
2003/12/30,107.15,190.11,133.74,81.88,85.72,14.72,17.98,15.91,79.63,69.78,16.02,284.82
2004/1/5,106.95,192.15,135.35,83.15,86.67,14.96,18.19,16.09,81.36,70.82,16.52,284.29
2004/1/6,106.15,191.78,134.65,82.9,86.14,14.82,18.09,15.95,81.43,71.15,16.77,282.16
2004/1/7,106.25,193.51,135.17,82.56,86.24,14.86,18.16,15.82,81.64,71.29,16.42,282.43
2004/1/8,106.2,192.87,134.04,82.3,85.43,14.76,18.01,15.56,81.57,71.26,16.26,282.3
2004/1/9,106.24,194.68,135.55,83.18,86.57,14.91,18.22,15.69,82.31,72.07,16.22,282.4
2004/1/13,106.59,196.52,135.55,83.46,86.68,14.88,18.21,15.77,82.7,72.52,15.29,283.33
2004/1/14,106.3,196.33,135.65,83.46,86.94,14.84,18.22,15.85,82.62,72.53,15.52,282.56
2004/1/15,106.37,195.04,134.46,82.57,86.26,14.67,18.06,15.77,82.44,72.32,14.96,282.75
2004/1/16,106.24,194.1,133.86,82.11,85.46,14.6,17.99,15.61,81.97,71.58,14.49,282.4
2004/1/19,106.49,191.68,131.9,81.85,84.08,14.37,17.72,15.36,80.73,70.21,14.74,283.07
2004/1/20,107.34,191.45,132.77,82.33,84.57,14.48,17.82,15.42,81.18,70.26,14.82,285.33
2004/1/21,107.19,194.76,134.69,82.95,85.92,14.71,18.1,15.6,82.29,71.36,15.22,284.93
2004/1/22,106.89,196.15,135.35,82.23,86.38,14.86,18.19,15.85,82.79,71.86,15.1,285.57
2004/1/23,106.3,196.06,135.17,82.03,86.23,14.83,18.16,15.73,82.58,71.99,15.06,282.56
2004/1/26,106.46,194.11,133.78,81.04,85.59,14.63,17.96,15.54,82.1,71.38,14.76,282.99
2004/1/27,106.16,192.3,132.5,80.82,84.53,14.46,17.8,15.37,81.72,71.11,15.05,282.19
2004/1/28,105.7,192.92,133.35,80.87,85.12,14.6,17.91,15.49,82.26,71.64,15.05,280.97
2004/1/29,106.15,192.95,132.28,80.06,84.59,14.48,17.77,15.21,81.83,71.73,15.21,282.16
2004/1/30,106.08,192.78,131.6,79.65,84.28,14.35,17.67,15,80.82,71.03,15.17,281.98
2004/2/2,105.68,193.01,131.81,79.75,84.1,14.32,17.7,15.07,80.82,71.09,14.96,280.91
2004/2/3,105.59,192.23,131.16,78.95,83.66,14.29,17.61,15.1,80.27,71.15,15.17,280.68
2004/2/4,105.57,193.85,132.23,78.84,84.34,14.38,17.75,15.15,80.39,71.7,15.29,280.62
2004/2/5,105.61,193.42,132.38,79.12,84.44,14.41,17.77,15.17,80.46,72.03,15.46,280.73
2004/2/6,105.78,194.31,132.91,79.05,84.73,14.46,17.84,15.19,80.77,72.64,15.16,281.18
2004/2/9,105.73,195.55,134.14,79.63,85.65,14.72,18.01,15.34,81.53,73.32,15.14,281.05
2004/2/10,105.88,196.82,134.39,79.64,85.68,14.73,18.05,15.48,82.31,73.76,15.43,281.45
2004/2/12,105.35,199.32,135.07,80.02,85.6,14.81,18.13,15.22,82.91,73.52,15.55,280.04
2004/2/13,105.41,199.52,135.04,79.69,85.66,14.78,18.13,15.27,83.14,73.63,15.95,280.2
2004/2/16,105.49,198.9,134.35,80.06,85.25,14.71,18.04,15.23,83.46,74.16,16,280.41
2004/2/17,105.5,199.41,134.74,80.17,85.51,14.68,18.08,15.21,83.55,74.55,15.93,280.44
2004/2/18,105.68,201.46,135.9,80.68,86.3,14.82,18.25,15.49,84.23,74.75,16.25,280.91
2004/2/19,106.47,201.24,135.47,80.43,85.96,14.77,18.19,15.35,84.19,74.65,16.16,283.01
2004/2/20,107.17,203.52,136.59,80.66,86.69,14.89,18.33,15.51,84.85,75.34,16.26,284.88
2004/2/23,109.3,202.25,136.33,81.43,86.38,14.86,18.3,15.51,83.81,74.14,16.31,290.54
2004/2/24,108.5,202.54,136.16,81.27,86.3,14.82,18.28,15.5,83.86,74.16,16.38,288.41
2004/2/25,108.22,204.38,137.17,81.37,87.17,14.9,18.42,15.57,84.36,74.78,16.5,287.67
2004/2/26,109.08,204.45,136.37,81.59,86.63,14.77,18.31,15.47,84.26,74.97,16.48,289.95
2004/2/27,109.57,204.02,136.26,81.41,86.45,14.77,18.3,15.53,84.48,75.29,16.55,291.25
2004/3/1,109.28,204.86,136.86,81.83,86.82,14.83,18.38,15.65,84.66,75.32,16.6,290.25
2004/3/2,108.98,203.65,135.57,81.48,85.91,14.68,18.2,15.64,84.36,75.36,16.53,289.46
2004/3/3,110.18,202.67,134.49,82.05,84.88,14.53,18.03,15.42,83.7,74.65,16.08,292.64
2004/3/4,110.17,201.28,134.05,82.14,84.96,14.52,18,15.56,82.51,73.76,16.27,292.62
2004/3/5,111.36,202.83,135.79,83.42,86.11,14.74,18.22,15.7,83.51,74.34,16.45,295.78
2004/3/8,112.11,206.76,138.5,84.64,87.76,15.12,18.6,15.96,84.91,75.42,16.91,297.77
2004/3/9,111.33,206.32,138.27,84.44,87.48,15.1,18.56,15.98,84.7,75.59,17.12,295.7
2004/3/10,111.3,203.26,137.04,84.01,86.82,14.97,18.39,15.95,84.39,75.33,17.04,295.62
2004/3/11,110.91,200,135.5,83.62,86.04,14.75,18.18,15.59,82.72,73.11,16.73,294.58
2004/3/12,110.92,200.78,136.95,84.23,87.54,14.87,18.38,15.99,81.61,71.84,16.69,296.97
2004/3/15,110.87,199.8,135.62,83.13,86.62,14.64,18.21,15.96,81.4,71.5,16.39,294.48
2004/3/16,110.25,198.73,135.01,82.58,86.37,14.62,18.13,15.94,81.23,71.32,16.48,292.83
2004/3/17,108.82,197.24,133.29,81.63,85.02,14.43,17.91,15.77,80.7,70.86,16.21,289.03
2004/3/18,108.13,196.96,132.52,80.72,84.78,14.34,17.8,15.66,80.28,70.5,16.28,287.35
2004/3/19,106.83,195.82,132.33,80.53,84.96,14.3,17.77,15.55,80.27,70.39,16.11,283.75
2004/3/22,107.21,196.45,131.43,80.33,84.24,14.26,17.66,15.55,80.02,70.19,16.21,284.75
2004/3/23,106.8,197.22,131.65,80.14,84.9,14.3,17.68,15.62,80.45,70.78,16.5,283.67
2004/3/24,106.97,198.22,132.21,80.36,85.24,14.34,17.76,15.67,80.68,70.71,16.45,284.12
2004/3/25,106.08,193.57,128.6,79.18,82.94,13.87,17.28,15.3,78.83,69.1,16.17,281.75
2004/3/26,105.89,191.57,128.55,79.63,82.78,13.88,17.28,15.27,78.61,68.68,16.14,281.25
2004/3/29,105.65,191.6,127.99,80.06,82.19,13.84,17.19,15.18,78.88,68.64,16.2,280.61
2004/3/30,105.55,192.11,128.38,80.63,82.26,13.85,17.25,15.24,78.88,68.79,16.58,280.35
2004/3/31,105.63,193.07,128.73,80.82,82.56,13.9,17.3,15.32,79.69,69.55,16.68,280.63
2004/4/1,104.07,191.77,127.89,79.3,82.07,13.79,17.18,15.18,79.66,69.33,16.66,276.41
2004/4/2,103.95,192.95,128.42,79.54,82.24,13.91,17.26,15.26,79.79,69.46,16.42,276.17
2004/4/5,104.46,191.2,126.5,79.32,80.82,13.71,16.99,15.12,79.08,68.56,16.39,277.52
2004/4/6,105.63,192.91,126.89,80.39,80.99,13.79,17.05,15.16,79.81,68.89,16.55,280.56
2004/4/7,106,195.21,128.33,80.88,82.22,13.95,17.24,15.34,80.71,69.46,16.85,281.69
2004/4/8,105.63,194.64,128.66,80.55,82.79,14.03,17.29,15.4,80.78,69.79,16.65,279.96
2004/4/9,106.58,195.3,128.86,80.33,83.19,14.08,17.32,15.41,81.29,70.29,17.1,283.08
2004/4/12,106.42,195.27,128.61,80.14,82.93,14.04,17.28,15.3,81.32,70.42,16.94,282.66
2004/4/13,105.25,193.58,127.01,78.78,81.99,13.86,17.07,15.11,80.91,69.76,16.78,279.55
2004/4/14,106.86,194.02,127.35,79.94,82.06,13.89,17.1,15.38,80,69.35,16.38,283.82
2004/4/15,108.7,194.86,129.97,80.75,83.84,14.16,17.46,15.71,80.12,69.15,16.49,288.71
2004/4/16,108.66,194.25,129.96,80.82,83.78,14.16,17.47,15.71,80.28,69.24,16.9,288.61
2004/4/19,107.94,194.41,129.65,80.22,83.54,14.1,17.42,15.68,80.61,69.27,16.87,286.69
2004/4/20,108.8,196.61,130.51,80.84,84.16,14.18,17.54,15.79,81.09,69.97,16.7,288.98
2004/4/21,108.81,194.06,128.86,80.26,82.86,14.05,17.33,15.58,79.7,68.25,16.73,289
2004/4/22,109.42,193.87,129.45,80.51,83.26,14.14,17.41,15.69,79.96,68.03,16.21,290.62
2004/4/23,109.7,194.53,130.6,80.92,83.81,14.29,17.57,15.88,80.42,68.88,16.28,291.37
2004/4/26,109.3,193.22,128.61,80.2,82.7,14.08,17.27,15.6,79.7,68.27,16.23,290.31
2004/4/27,108.72,194.04,128.91,80.44,83.18,14.14,17.34,15.62,79.76,68.49,16.29,288.76
2004/4/28,109.54,196.38,130.6,80.96,84.37,14.32,17.56,15.9,80.57,69.16,16.44,290.94
2004/4/30,110.35,195.69,131.98,80.33,85.48,14.44,17.74,16.12,79.36,68.63,16.1,293.09
2004/5/6,108.82,194.97,132.22,79.38,85.28,14.51,17.78,16.21,79.61,69.12,16.1,289.03
2004/5/7,110.21,197.74,133.08,80.1,85.71,14.62,17.89,16.36,79.69,69.4,16.02,292.72
2004/5/10,112.76,201.2,133.76,81.26,86.45,14.7,17.98,16.55,78.82,69.03,15.97,299.5
2004/5/11,113.49,201.59,134.77,81.62,87.43,14.69,18.11,16.54,79.08,68.8,16.28,301.43
2004/5/12,112.78,198.5,133.69,81.39,86.83,14.57,17.97,16.25,78.73,68.69,16.56,299.55
2004/5/13,113.16,200.81,134.9,81.53,87.64,14.71,18.14,16.44,79.1,69.22,16.38,300.56
2004/5/14,114.5,201.69,135.34,82.24,87.92,14.82,18.2,16.54,79.02,68.84,16.41,304.12
2004/5/17,113.99,200.82,135.82,81.97,88.16,14.81,18.27,16.55,78.89,68.99,16.98,302.76
2004/5/18,114.31,202.08,137.25,81.75,89.38,14.94,18.45,16.64,78.04,68.05,16.85,303.61
2004/5/19,114.04,201.26,136.27,82,88.82,14.92,18.32,16.5,78.57,68.52,16.86,302.9
2004/5/20,113.1,201.8,135.82,82.02,88.47,14.95,18.27,16.46,78.72,68.69,16.82,300.4
2004/5/21,112.78,200.47,135.02,82.42,87.79,14.87,18.16,16.33,78.6,68.65,16.71,299.55
2004/5/24,112.3,200.64,134.52,81.77,87.5,14.79,18.09,16.32,78.64,68.53,16.73,298.27
2004/5/25,113.06,202.67,135.75,82.35,88.42,14.91,18.26,16.45,78.9,68.85,17.02,300.29
2004/5/26,111.77,202.58,135.3,81.53,87.88,14.84,18.2,16.45,79.19,69.19,16.85,296.87
2004/5/27,112.1,203.09,135.62,81.72,88.1,14.93,18.24,16.56,79.23,69.85,17.11,297.74
2004/5/28,110.8,203.6,135.93,81.58,89,14.92,18.28,16.53,79.55,70.21,16.99,294.29
2004/5/31,110.05,201.91,134.39,80.71,87.89,14.79,18.06,16.38,78.5,69.35,17,292.3
2004/6/1,109.89,200.98,133.7,80.54,87.51,14.72,17.98,16.33,78.57,69.64,16.81,291.87
2004/6/2,110.63,203.64,135.43,80.95,88.72,14.89,18.22,16.55,78.37,69.77,17.31,293.84
2004/6/3,109.95,201.77,134.33,80.71,87.97,14.71,18.07,16.38,76.84,68.65,16.71,292.03
2004/6/4,111.11,204.39,135.74,81.61,88.85,14.84,18.26,16.58,76.87,69.18,17.23,295.11
2004/6/7,110.77,204.5,136.54,82.08,89.58,14.94,18.37,16.65,77.24,69.23,17.17,294.21
2004/6/8,109.65,201.83,134.87,81.52,88.54,14.8,18.15,16.48,77.15,69.21,16.89,291.24
2004/6/9,109.74,201.88,134.53,81.43,88.62,14.8,18.09,16.42,76.81,68.8,16.77,291.47
2004/6/10,110.31,201.73,132.81,81.02,87.86,14.6,17.87,16.27,76.03,68.41,16.64,292.99
2004/6/11,109.45,201.41,132.25,80.47,87.71,14.44,17.79,15.99,76.08,69.18,17.07,290.7
2004/6/14,110.25,200.11,131.93,80.66,87.29,14.43,17.75,15.87,75.94,69.04,17.01,292.83
2004/6/15,111.1,201.85,134.35,80.65,88.77,14.65,18.08,16.14,76.21,69.34,16.83,295.09
2004/6/16,109.39,200.56,132.87,79.9,87.52,14.53,17.89,16.03,76.22,69.67,16.98,290.54
2004/6/17,110.24,201.25,132.32,80.19,86.97,14.47,17.81,15.93,75.59,68.98,17.01,292.8
2004/6/18,109.72,201.14,131.98,79.87,87.38,14.4,17.74,15.82,74.99,68.49,16.95,291.42
2004/6/21,108.91,200.31,132.11,80.01,87.51,14.45,17.78,15.85,75.05,68.5,17.17,289.27
2004/6/22,108.65,198.94,131.75,79.64,87.23,14.39,17.73,15.75,75.11,68.32,17.27,288.58
2004/6/23,108.93,198.29,131.9,80.21,87.19,14.4,17.76,15.85,74.77,68.18,17.37,289.32
2004/6/24,108.3,196.45,130.73,79.58,86.31,14.27,17.6,15.61,74.66,67.88,17.41,287.65
2004/6/25,107.17,195.41,130.33,79.57,86.03,14.23,17.52,15.59,75.24,68.45,17.07,284.65
2004/6/28,107.59,196.37,130.84,79.65,86.2,14.3,17.61,15.77,75.14,68.59,17.1,285.84
2004/6/29,108.35,198.01,131.93,80.39,86.71,14.45,17.76,15.85,75.9,69.4,17.64,287.86
2004/6/30,108.43,196.18,130.99,80.46,85.72,14.36,17.64,15.71,74.81,68.27,17.34,288.15
2004/7/1,108.31,197.2,131.98,81.22,86.64,14.41,17.76,15.6,75.65,68.98,17.66,287.83
2004/7/2,108.8,197.89,132.25,81.7,87.02,14.43,17.78,15.62,76.87,69.66,17.58,289.13
2004/7/5,108.55,199.13,133.77,82.11,88.21,14.58,18.01,15.7,77.27,70.15,17.85,288.47
2004/7/6,109.33,200.25,134.49,82.55,88.53,14.64,18.09,15.85,78.01,70.96,17.8,290.54
2004/7/7,109.22,201.05,134.09,82.34,88.31,14.61,18.05,15.89,78.02,71.21,17.67,290.25
2004/7/8,108.62,201.44,134.33,82.28,88.52,14.63,18.07,15.95,78.56,71.35,17.89,288.58
2004/7/9,108.71,201.53,134.77,82.57,88.84,14.69,18.14,15.91,78.56,71.65,17.91,288.82
2004/7/12,107.79,200.48,133.64,81.81,88.05,14.55,17.98,15.81,78.16,70.9,17.65,286.29
2004/7/13,108.74,202.38,134.72,82.34,88.58,14.64,18.13,15.93,78.96,71.63,18.05,288.82
2004/7/14,108.83,202.16,134.19,82.63,88.02,14.58,18.05,15.8,78.93,71.56,17.92,289.06
2004/7/15,109.39,202.94,135.39,82.63,88.96,14.74,18.22,15.91,79.42,71.48,18.11,290.54
2004/7/16,109.83,203.21,135.56,82.95,88.72,14.76,18.24,16.06,79.23,71.42,18.11,291.71
2004/7/20,108.53,202.42,134.97,82.95,88.24,14.68,18.16,15.91,79.59,71.17,18.42,288.26
2004/7/21,108.51,200.87,133.67,82.7,87.19,14.53,17.99,15.77,78.98,70.84,18.29,288.21
2004/7/22,109.81,201.78,134.47,82.86,87.7,14.64,18.1,15.88,78.11,69.98,18.24,291.66
2004/7/23,109.85,202.68,134.63,83.41,87.98,14.66,18.12,15.88,78.6,70.4,18.24,291.77
2004/7/26,109.95,201.68,133.22,83.14,86.91,14.48,17.92,15.66,77.95,69.95,17.67,292.03
2004/7/27,109.85,202.33,133.42,82.6,86.91,14.51,17.95,15.73,78.26,70.22,17.68,291.77
2004/7/28,111.02,202.53,133.93,83.17,87.03,14.55,18.02,15.78,77.91,69.98,17.61,294.87
2004/7/29,111.69,203.86,134.73,84.08,87.62,14.61,18.13,15.96,78.19,70.69,17.94,296.65
2004/7/30,112.1,203.65,134.89,84.46,87.53,14.6,18.15,15.98,78.07,70.74,17.98,297.74
2004/8/2,111.31,202.68,134.04,83.73,87.16,14.54,18.02,15.9,78.28,71.08,17.83,295.64
2004/8/3,110.61,202.31,133.16,83.19,86.54,14.45,17.91,15.8,77.69,70.76,17.6,293.78
2004/8/4,110.65,201.9,133.39,84.02,86.51,14.5,17.95,15.84,78.03,71.34,17.59,293.89
2004/8/5,111.24,203.11,134.04,84.47,87.19,14.58,18.03,15.97,78.46,71.91,17.91,295.46
2004/8/6,111.82,203.94,134.81,84.8,87.71,14.68,18.14,16.17,78.54,71.92,17.98,297
2004/8/9,110.33,203.43,135.44,84.06,88.13,14.77,18.23,16.26,78.9,72.27,17.98,293.04
2004/8/10,110.7,203.84,135.82,84.02,88.27,14.8,18.28,16.34,79.15,72.36,18.26,294.02
2004/8/11,111.24,203.42,136.08,84.19,88.15,14.81,18.31,16.36,79.26,72.51,18.05,295.46
2004/8/12,110.65,202.73,135.32,83.48,87.81,14.69,18.18,16.28,79.09,72.4,17.79,293.89
2004/8/13,111.7,203.6,136.83,83.92,88.94,14.87,18.41,16.49,79.69,73.43,17.41,296.68
2004/8/16,110.64,203.99,136.87,84.37,89.28,14.84,18.42,16.56,79.48,73.74,17.05,293.86
2004/8/17,110.55,203.49,136.65,84.63,89.15,14.82,18.38,16.53,79.52,73.63,16.62,293.63
2004/8/18,110,201.2,135.7,84.14,88.34,14.73,18.26,16.36,78.64,73.04,17.05,292.16
2004/8/19,109.46,199.49,135.15,83.89,87.95,14.66,18.18,16.26,78.45,72.78,16.92,290.73
2004/8/20,109.46,200.52,135.38,84.43,88.11,14.71,18.22,16.4,79.23,73.55,16.68,290.73
2004/8/23,109.41,198.44,134.56,84.22,87.28,14.64,18.1,16.32,78.97,73.43,16.64,290.6
2004/8/24,109.9,198.63,133.44,84.21,86.6,14.55,17.95,16.15,78.27,72.75,16.57,291.9
2004/8/25,109.59,196.48,132.23,83.94,85.97,14.43,17.79,15.92,77.07,71,16.37,291.08
2004/8/26,110.07,197.74,132.91,84.27,86.36,14.51,17.88,15.96,77.69,71.61,16.6,292.35
2004/8/27,109.69,197.11,132.77,83.84,86.21,14.54,17.86,15.93,77.33,71.68,16.64,291.34
2004/8/30,109.88,196.77,131.94,83.47,85.64,14.47,17.75,15.81,77.11,71.74,16.37,291.85
2004/8/31,109.89,197.46,132.57,83.33,86.02,14.52,17.84,15.83,76.97,71.58,16.44,291.87
2004/9/1,109.15,196.79,133.01,83.1,86.22,14.57,17.89,15.9,76.96,71.68,16.51,289.91
2004/9/2,109.58,196.58,133.55,83.79,86.94,14.64,17.97,16.02,77.1,71.86,16.65,291.05
2004/9/3,109.62,196.34,133.32,84.23,86.87,14.62,17.93,16.04,76.34,71.06,16.78,291.16
2004/9/6,110.55,196.37,133.33,85.1,87.05,14.63,17.94,16.01,76.33,71.51,16.77,293.63
2004/9/7,110.12,196.11,132.85,84.75,86.63,14.55,17.87,15.97,76.35,71.48,16.7,292.48
2004/9/8,109.46,194.42,132.37,84.95,86.29,14.55,17.81,15.89,75.81,70.68,16.48,290.73
2004/9/9,109.36,195.55,133.22,84.66,86.78,14.64,17.94,16.01,76.19,71.42,16.57,290.46
2004/9/10,110.02,196.81,134.51,85.49,87.37,14.75,18.09,16.22,75.73,71.66,16.59,292.22
2004/9/13,109.49,196.93,134.4,84.92,87.08,14.78,18.08,16.1,76.33,71.97,16.79,290.81
2004/9/14,110.11,197.87,134.97,84.58,87.47,14.86,18.16,16.17,76.86,72.6,16.93,292.46
2004/9/15,109.67,196.95,134.3,84.81,87.14,14.76,18.06,16.03,76.97,72.77,16.92,291.29
2004/9/16,110,195.62,133.68,84.87,86.63,14.65,17.98,15.92,76.58,72.31,16.82,292.16
2004/9/17,109.54,196.58,133.57,84.97,86.35,14.66,17.96,15.82,76.6,72.55,16.77,290.94
2004/9/21,110.02,196.41,134,84.97,86.53,14.79,18.02,15.98,77.09,72.75,17,292.22
2004/9/22,109.85,197.32,135.31,85.33,87.54,14.95,18.2,16.06,77.4,72.98,17.16,291.77
2004/9/24,110.61,198.83,135.81,86.39,87.78,15.05,18.26,16.3,78.84,73.78,17.15,293.78
2004/9/27,110.63,199.89,135.92,86.75,87.78,15.03,18.28,16.28,78.99,73.9,17.33,293.76
2004/9/28,111.21,201.36,136.68,87.41,88.2,15.11,18.38,16.33,79.45,74.27,17.45,295.38
2004/9/29,111.4,201.91,137.16,87.6,88.4,15.13,18.44,16.45,79.85,74.59,17.47,295.88
2004/9/30,111.05,200.06,136.97,87.49,88.2,15.13,18.42,16.4,79.66,74.46,17.38,294.95
2004/10/1,110.13,199.67,136.86,87.33,88.38,15.13,18.4,16.43,80.08,74.64,17.12,292.51
2004/10/4,110.9,198.75,137.23,87.74,88.53,15.23,18.45,16.57,80.15,74.5,17.27,294.56
2004/10/5,110.9,198.03,136.14,87.12,87.62,15.05,18.3,16.43,79.9,74.26,17.27,294.56
2004/10/6,111.21,198.33,137.02,88.12,88.16,15.16,18.42,16.57,80.55,74.93,17.15,295.38
2004/10/7,111.37,198.22,136.77,88.36,88.01,15.15,18.39,16.52,80.42,75.17,17.19,295.8
2004/10/8,111.26,198.37,136.73,88.16,88.05,15.12,18.38,16.51,81.01,75.29,16.93,295.51
2004/10/12,109.69,196.9,135.64,87.49,87.54,15,18.24,16.5,80.41,74.7,16.82,291.34
2004/10/13,109.6,196.26,134.95,87.29,87.21,14.9,18.15,16.44,79.89,74.34,16.61,291.1
2004/10/14,109.83,197.02,135.35,87.24,87.56,14.96,18.21,16.5,79.44,74.38,16.82,291.71
2004/10/15,109.67,197.11,135.86,87.37,88.14,14.97,18.28,16.6,80.15,74.98,16.95,291.29
2004/10/18,109.28,197.32,136.33,87.22,88.61,14.98,18.34,16.62,79.88,75.04,16.91,290.25
2004/10/19,109.44,196.63,136.46,86.94,88.64,15.05,18.36,16.62,79.2,74.8,17.14,290.68
2004/10/20,108.54,195.61,135.86,86.31,88.3,14.97,18.28,16.45,79.11,74.4,17.14,288.29
2004/10/21,108.27,196.99,136.27,87.01,88.64,15.03,18.33,16.55,79.69,74.91,17.27,287.57
2004/10/22,107.65,196.75,135.74,86.57,88.35,14.95,18.26,16.48,79.4,74.64,17.33,285.92
2004/10/25,106.95,196.48,136.58,87.28,89.07,15.02,18.38,16.63,79.66,74.84,17.55,284.06
2004/10/26,106.8,196.57,136.54,87.36,89.19,15.06,18.38,16.6,79.89,74.74,17.3,283.67
2004/10/27,106.79,195.98,136.2,87.1,88.86,15.1,18.33,16.62,79.75,74.4,17.17,283.64
2004/10/28,106.7,195.24,135.39,86.98,88.32,15.02,18.22,16.58,79.66,73.48,17.36,283.4
2004/10/29,106.18,194.59,135.35,86.68,88.48,14.96,18.21,16.6,79.07,72.53,17.49,282.02
2004/11/1,106.02,194.92,135.81,87.02,88.83,15,18.28,16.66,79.35,72.73,17.44,281.59
2004/11/2,106.44,195.09,135.55,87.07,88.54,14.98,18.25,16.62,79.37,72.71,17.5,282.71
2004/11/4,106.21,196.4,136.18,88.06,88.98,15.03,18.33,16.71,80.37,73.36,17.57,282.1
2004/11/5,106.16,195.96,136.79,87.98,89.47,15.05,18.41,16.72,80.32,73.43,17.48,281.97
2004/11/8,105.68,195.91,136.9,88.29,89.65,15.07,18.43,16.72,80.51,73.5,17.25,280.69
2004/11/9,105.67,195.91,136.34,88.46,89.35,14.99,18.35,16.56,79.99,73,17.04,280.66
2004/11/10,105.91,196.49,136.6,88.39,89.48,15.02,18.39,16.6,80.47,72.8,17.18,281.3
2004/11/11,106.86,197.5,137.69,89.39,90.38,15.21,18.52,16.84,81.22,73.12,17.31,283.82
2004/11/12,106.71,196.69,137.7,89.19,90.55,15.32,18.54,16.92,81.55,73.54,17.26,283.43
2004/11/15,105.37,195.62,136.79,88.26,89.91,15.27,18.41,16.87,81.1,73.42,17.19,279.87
2004/11/16,105.49,194.91,136.37,87.82,89.34,15.24,18.36,16.81,81.29,73.65,17.47,280.19
2004/11/17,105.47,195.3,136.62,88.27,89.61,15.27,18.39,16.87,81.43,73.78,17.51,280.13
2004/11/18,104.1,193.63,135.62,87.18,89.53,15.11,18.26,16.72,81.36,73.64,17.4,276.49
2004/11/19,104.31,192.83,135.04,86.51,88.98,15.06,18.18,16.63,81.09,73.53,17.34,277.05
2004/11/22,103.27,191.75,134.56,86.51,88.91,15.01,18.12,16.51,80.89,73.34,17.27,274.29
2004/11/24,103.42,193.25,135.4,87.16,89.31,15.12,18.23,16.62,81.23,73.56,17.39,274.69
2004/11/25,102.88,193.61,135.46,87.07,89.75,15.16,18.25,16.64,80.92,73.12,17.29,273.25
2004/11/26,102.61,194.24,136.13,87.22,90.06,15.26,18.33,16.8,81.35,73.66,17.38,272.54
2004/11/29,102.75,194.4,136.35,87.02,90.04,15.3,18.36,16.83,80.95,73.52,17.67,272.91
2004/11/30,103.19,195.23,136.8,86.9,90.25,15.37,18.43,16.89,80.32,73.73,17.79,274.08
2004/12/1,102.81,196.63,136.83,86.55,90.26,15.33,18.42,16.77,79.95,73.82,17.77,273.07
2004/12/2,102.55,198.4,136.97,86.64,90.06,15.27,18.45,16.77,80.07,73.93,17.8,272.38
2004/12/3,103.25,198.53,136.95,86.38,89.63,15.27,18.44,16.72,80,74,17.64,274.24
2004/12/6,102.22,198.51,137.37,85.74,90.31,15.46,18.5,16.86,79.78,73.92,18.05,271.5
2004/12/7,103.21,199.99,138.21,85.92,90.44,15.55,18.62,16.98,79.78,74.33,18.08,274.13
2004/12/8,103.06,200.38,138.28,85.29,90.34,15.51,18.63,16.91,79.69,73.99,17.76,273.73
2004/12/9,104.04,201.62,138.97,85.58,90.68,15.47,18.7,16.89,79.2,74.38,17.73,276.33
2004/12/10,104.85,201.53,139.2,85.64,90.94,15.5,18.74,16.87,78.82,74.12,18.14,278.49
2004/12/13,105.11,201.41,139.17,85.83,90.69,15.54,18.73,16.96,78.96,74.01,18.17,279.1
2004/12/14,104.7,201.42,139.41,85.17,90.79,15.6,18.77,17,79.63,74.37,18.3,278.09
2004/12/15,105.32,202.88,140,85.16,91.2,15.62,18.84,17.04,79.53,74.75,18.47,279.73
2004/12/16,104.43,202.72,140,85.33,91.42,15.61,18.84,17.03,79.86,74.93,18.29,277.37
2004/12/17,104.63,202.26,138.67,84.81,90.35,15.42,18.66,16.92,79.4,74.49,18.01,277.9
2004/12/20,104.39,202.44,138.86,84.94,90.22,15.48,18.7,16.92,79.57,74.56,18.14,277.26
2004/12/21,103.89,202.34,139.16,84.55,90.42,15.57,18.73,16.85,79.44,74.15,18.24,275.94
2004/12/22,104.42,201.31,139.44,84.96,90.45,15.52,18.77,16.9,80.05,74.32,18.47,277.34
2004/12/24,103.73,199.27,140.03,84.05,90.67,15.53,18.83,16.88,79.48,74.14,18.41,275.51
2004/12/27,103.9,199.77,140.47,84.26,90.86,15.59,18.89,16.97,79.92,74.54,18.52,275.96
2004/12/28,103.24,199.6,140.47,84.55,90.89,15.61,18.89,16.99,80.31,74.59,18.45,274.21
2004/12/29,103.4,199.01,140.37,85.06,91.02,15.64,18.87,16.98,80.41,74.26,18.33,274.56
2004/12/30,104.2,199.77,141.66,85.95,91.81,15.73,19.05,17.16,80.6,74.41,18.43,276.76
2005/1/4,102.93,195.91,138.52,85.14,89.67,15.35,18.64,16.82,79.94,73.48,18.15,273.39
2005/1/5,104.45,196.76,138.7,85.45,89.43,15.34,18.67,16.76,79.95,73.4,18.02,277.42
2005/1/6,104.17,196.38,138.11,85.08,89.18,15.28,18.57,16.73,79.72,72.91,17.54,276.68
2005/1/7,105.02,197.05,138.33,84.89,89.42,15.28,18.6,16.75,79.92,73.42,17.23,278.94
2005/1/11,104.29,195.8,136.77,85.35,88.48,15.13,18.39,16.61,79.23,72.58,17.4,277
2005/1/12,103.42,194.19,135.54,84.81,87.44,15.03,18.23,16.55,78.87,72.28,17.31,274.69
2005/1/13,102.5,193.83,135.93,85.3,87.83,15.02,18.28,16.57,78.77,72.5,17.18,272.24
2005/1/14,102.56,193.05,135.4,85.22,87.47,14.98,18.21,16.55,78.33,72.2,17.08,272.4
2005/1/17,102.17,191.08,133.78,83.86,86.44,14.79,17.99,16.34,77.54,71.37,16.93,271.37
2005/1/18,102.42,190.46,133.6,84.08,86.35,14.75,17.94,16.28,77.42,71.06,17.03,272.03
2005/1/19,102.4,190.95,133.3,83.65,86.3,14.75,17.92,16.35,77.47,71.52,16.79,271.98
2005/1/20,102.97,192.73,133.97,83.82,86.92,14.86,18.02,16.42,78.36,72.37,17.09,273.49
2005/1/21,103.6,193.67,134.14,83.93,86.92,14.83,18.04,16.38,78.64,73.09,17.11,275.17
2005/1/24,102.88,193.19,134.15,84.18,86.72,14.84,18.03,16.36,79.37,73.68,17.31,273.25
2005/1/25,102.71,192.99,133.86,83.91,86.65,14.77,17.99,16.32,79.09,73.24,17.34,272.8
2005/1/26,103.85,193.87,134.79,84.12,87.06,14.86,18.12,16.4,79.59,73.85,17.47,275.83
2005/1/27,103.22,194.12,134.85,83.71,87.25,14.87,18.13,16.34,79.91,73.85,17.37,274.16
2005/1/28,103.1,194.74,134.39,83.26,87,14.8,18.07,16.3,80.2,73.85,17.42,273.84
2005/1/31,103.6,195.42,134.99,83.41,87.18,14.84,18.15,16.37,80.14,73.74,17.48,275.17
2005/2/1,103.61,195.32,135.24,83.57,87.24,14.87,18.18,16.31,80.17,73.65,17.89,275.19
2005/2/2,103.67,195.4,135.42,84.19,87.13,14.91,18.21,16.35,80.36,73.92,17.24,275.35
2005/2/3,104.01,195.98,135.44,84.04,87.08,14.93,18.2,16.42,80.84,74.18,17.29,276.25
2005/2/4,104.54,196.69,135.57,84.27,86.91,14.92,18.22,16.37,80.4,74.21,17.03,277.66
2005/2/7,104.31,195.38,133.88,83.44,85.93,14.76,17.99,16.16,80.42,73.87,16.92,277.05
2005/2/8,104.94,195.15,133.89,83.58,85.78,14.75,18.01,16.01,80.29,73.49,16.9,278.73
2005/2/9,105.7,195.99,134.92,84.67,86.48,14.86,18.14,16.1,80.9,73.88,16.91,280.74
2005/2/10,105.7,196.93,135.36,84.69,86.86,14.93,18.2,16.15,81.89,74.48,17.01,280.74
2005/2/14,105.3,197.07,135.67,85.02,87.2,14.92,18.24,16.09,82.92,75.13,17.33,279.68
2005/2/15,105.23,198.57,136.45,85.23,87.78,15.04,18.34,16.22,82.77,75.21,17.39,279.5
2005/2/16,104.68,198.33,136.19,84.97,87.97,15.02,18.31,16.25,82.21,74.69,17.58,278.03
2005/2/17,105.58,199.06,137.67,85.33,88.96,15.16,18.5,16.48,82.92,75.44,17.74,280.42
2005/2/18,105.61,199.92,138.01,85.94,89.14,15.19,18.55,16.59,82.79,75.76,17.88,280.5
2005/2/21,105.69,200.15,138.08,85.79,89.36,15.17,18.56,16.63,83.3,76.39,17.91,280.72
2005/2/22,105.62,200.29,137.94,85.48,89.27,15.15,18.54,16.68,83.3,76.62,17.85,280.61
2005/2/23,104.42,199.31,138.36,85.11,90.01,15.21,18.6,16.75,82.71,75.89,18.14,277.34
2005/2/24,104.97,200.26,138.63,84.21,90.2,15.27,18.64,16.83,82.57,75.87,18.07,278.8
2005/2/25,105.43,201.5,139.11,85.04,90.19,15.34,18.7,16.89,82.69,75.94,18.14,280.03
2005/2/28,104.73,201.37,138.9,84.73,90.33,15.32,18.67,16.84,82.53,75.76,18.11,278.17
2005/3/1,104.53,200.66,138.14,84.67,89.8,15.26,18.57,16.81,82.47,75.82,18.08,277.64
2005/3/2,104.65,200.77,137.74,84.25,89.59,15.22,18.52,16.81,81.88,75.78,17.95,277.95
2005/3/3,105,200.93,137.87,84.68,89.38,15.2,18.53,16.81,81.97,76.27,17.81,278.88
2005/3/4,105.38,201,138.14,84.69,89.23,15.28,18.57,16.82,82.34,76.69,17.76,279.89
2005/3/7,104.72,201.51,138.64,84.94,89.57,15.34,18.64,16.83,82.67,76.92,17.95,278.14
2005/3/8,105.12,201.24,138.86,85.51,89.41,15.37,18.67,16.95,83.38,77.33,18.02,279.2
2005/3/9,104.65,201.82,139.69,86.33,90.07,15.49,18.77,17.07,83.51,77.16,18.18,277.95
2005/3/10,104.16,200.39,139.35,86.4,89.82,15.39,18.72,17.01,82.76,77.2,18.17,276.65
2005/3/11,104.16,200.26,139.83,86.53,90.24,15.4,18.79,17.09,82.24,76.78,17.92,276.65
2005/3/14,104.15,200.58,140.25,86.45,90.56,15.47,18.84,17.17,82.48,77.15,17.88,276.63
2005/3/15,104.88,200.67,140.01,86.88,90.35,15.41,18.81,17.13,82.67,77.44,17.6,278.57
2005/3/16,104.51,199.95,139.16,86.58,89.75,15.31,18.69,17.02,82.53,77.35,17.16,277.58
2005/3/17,104.36,200.99,139.95,86.66,90.5,15.39,18.78,17.15,82.91,77.74,17.27,277.18
2005/3/18,104.73,201.54,140.16,87.12,90.5,15.41,18.83,17.23,83.06,77.85,17.37,278.17
2005/3/22,105.24,199.45,138.56,86.87,89.27,15.18,18.61,16.98,82.5,77.26,17.34,279.52
2005/3/23,105.48,198.91,137.92,87.14,88.67,15.12,18.53,16.88,82.27,76.8,17.12,280.16
2005/3/24,106.23,198.62,137.79,87.12,88.69,15.12,18.51,16.83,82,76.12,17.08,282.15
2005/3/25,106.48,199.02,137.74,87.54,88.59,15.11,18.5,16.8,82.12,75.89,17.14,282.82
2005/3/28,106.6,199.13,137.94,87.46,88.74,15.12,18.5,16.82,82.24,75.93,17.18,283.13
2005/3/29,107.3,200.47,138.63,88.12,89.33,15.2,18.62,16.89,82.67,76.13,16.99,284.99
2005/3/30,107.59,201.82,139.16,88.9,89.58,15.25,18.69,16.96,82.95,76.5,17.01,285.76
2005/3/31,107.41,202.07,138.85,88.28,89.64,15.2,18.65,16.98,82.87,76.22,17.07,285.29
2005/4/1,107.47,202.94,139.24,88.74,89.72,15.2,18.7,16.96,83.06,76.56,17.34,285.44
2005/4/4,107.71,202.53,138.91,88.51,89.45,15.16,18.66,16.96,82.88,76.26,17.21,286.08
2005/4/5,108.45,203.47,139.25,88.73,89.63,15.18,18.7,17.01,83.07,76.61,17.45,288.05
2005/4/6,108.39,203.63,139.26,88.87,89.77,15.19,18.7,17.07,83.01,76.78,17.6,287.89
2005/4/7,108.76,204.46,139.91,89,90.17,15.29,18.79,17.14,83.07,77.42,17.85,288.87
2005/4/8,108.71,203.1,139.31,88.78,89.79,15.23,18.71,17.07,83.2,77.37,17.72,288.74
2005/4/11,108.49,204.37,140.17,88.22,90.52,15.3,18.83,17.12,83.82,77.82,17.72,288.15
2005/4/12,107.64,203.38,139.66,87.28,90.18,15.26,18.76,17.07,83.37,77.68,17.46,285.9
2005/4/13,107.66,203.64,138.97,86.97,89.74,15.2,18.66,16.99,83.41,77.68,17.52,285.95
2005/4/14,107.4,203.44,138.61,86.77,89.52,15.16,18.61,16.88,83.55,78.07,17.6,285.26
2005/4/15,108.32,203.77,138.71,87.14,89.23,15.11,18.62,16.86,83.3,77.51,17.29,287.7
2005/4/18,107.83,203.82,138.97,86.41,89.62,15.14,18.65,16.91,82.63,77,17.25,286.4
2005/4/19,107.5,204.54,139.98,86.24,90.53,15.23,18.79,17.05,82.45,77.17,17.19,285.52
2005/4/20,106.89,204.9,139.74,86.34,90.52,15.19,18.75,17.05,82.58,77.43,17.37,283.9
2005/4/21,106.83,205.05,139.89,86.21,90.87,15.24,18.79,17.13,82.75,77.78,17.48,283.75
2005/4/22,106.93,204.01,139.3,86.21,90.24,15.18,18.71,17.09,82.84,77.74,17.63,284.01
2005/4/25,105.95,202.56,137.84,85.58,89.24,15.03,18.49,16.9,82.66,77.59,17.59,281.41
2005/4/26,105.59,201.92,137.21,85.22,88.9,15.02,18.43,16.85,82.39,76.83,17.47,280.45
2005/4/27,106.26,202.46,137.81,85.38,89.38,15.08,18.51,16.94,82.65,76.93,17.46,282.23
2005/4/28,106.35,202.74,137.41,85.08,89.15,15.01,18.46,16.92,82.45,77.06,17.57,282.47
2005/5/2,105.34,200.59,135.28,83.44,87.84,14.72,18.18,16.65,82.18,76.91,17.27,279.79
2005/5/6,104.75,199.15,135.62,84.03,87.68,14.8,18.22,16.73,81.69,76.98,17.5,278.22
2005/5/9,105.17,198.88,134.82,84.59,87.16,14.69,18.12,16.61,81.45,77.07,17.47,279.34
2005/5/10,105.84,199.2,135.85,85.52,87.73,14.82,18.27,16.76,81.94,77.43,17.32,281.12
2005/5/11,105.56,198.9,135.92,85.03,87.89,14.77,18.27,16.79,81.97,77.22,17.16,280.37
2005/5/12,105.92,198.39,135.5,84.89,87.72,14.69,18.22,16.78,81.88,76.95,17.11,281.33
2005/5/13,106.87,199.26,135.49,85.4,87.8,14.7,18.21,16.74,81.82,76.52,17.04,283.85
2005/5/16,107.46,198.73,135.49,84.88,87.67,14.73,18.21,16.71,81.58,76.35,16.92,285.42
2005/5/17,106.83,196,134.73,84.12,87.19,14.61,18.11,16.67,80.86,75.65,16.72,283.75
2005/5/18,107.57,196.91,135.52,84.98,87.73,14.71,18.21,16.72,81.06,76.05,16.74,285.71
2005/5/19,107.21,197.21,135.94,84.98,88.14,14.81,18.27,16.77,81.4,76.41,16.9,284.75
2005/5/20,107.78,197.82,136.13,85.63,88.13,14.82,18.27,16.8,81.62,76.36,16.79,286.27
2005/5/23,108.14,197.38,135.78,85.41,87.64,14.8,18.22,16.73,81.67,76.64,16.62,287.22
2005/5/24,107.73,197.09,135.44,85.62,87.49,14.78,18.19,16.69,81.81,76.66,16.54,286.14
2005/5/25,107.58,196.52,135.17,85.18,87.39,14.74,18.16,16.73,81.66,76.55,16.39,285.74
2005/5/26,107.83,197.57,135.93,85.27,87.87,14.8,18.26,16.94,82.34,77.24,16.68,286.4
2005/5/27,108.03,196.92,135.17,85.34,87.4,14.7,18.17,16.89,81.98,76.85,16.41,286.93
2005/5/30,107.94,196.66,135.27,85.78,87.51,14.73,18.18,16.95,82.2,77.09,16.45,286.69
2005/5/31,108.11,196.89,134.65,85.88,87.19,14.67,18.1,16.87,82.01,76.73,16.27,287.14
2005/6/1,108.28,197.06,133.36,86.26,86.83,14.58,17.93,16.8,81.95,76.43,15.98,287.6
2005/6/2,108.72,196.98,132.75,87.07,86.59,14.51,17.85,16.78,81.61,75.85,15.67,288.76
2005/6/3,108.11,196.59,132.78,86.7,86.45,14.54,17.86,16.76,81.69,75.91,15.94,287.14
2005/6/6,107.68,195.34,131.81,86.27,86.04,14.41,17.73,16.66,81.5,75.44,15.79,286
2005/6/7,106.91,195.06,131.09,85.86,85.6,14.35,17.63,16.64,81.86,75.8,15.91,283.96
2005/6/8,106.74,196,131.22,85.76,85.76,14.35,17.64,16.66,82.07,76.32,16.05,283.51
2005/6/9,107.24,195.87,131.24,85.69,85.53,14.28,17.64,16.6,82.11,76.63,15.9,284.83
2005/6/10,107.61,196.11,131.67,85.62,85.83,14.33,17.69,16.67,82.41,76.75,15.95,285.82
2005/6/13,108.59,196.74,131.48,86.67,85.54,14.24,17.68,16.75,82.68,76.79,16.12,288.42
2005/6/14,109.44,197.65,132.87,87.21,86.3,14.32,17.86,16.89,83.66,77.48,16.06,290.68
2005/6/15,109.47,197.72,131.74,87.39,85.72,14.2,17.71,16.75,83.61,77.56,15.93,290.76
2005/6/16,109.31,198.98,132.32,88.33,85.93,14.28,17.79,16.78,84.05,77.87,16.18,290.33
2005/6/17,108.94,198.59,131.84,88.11,85.63,14.24,17.73,16.74,84.3,77.89,16.3,289.35
2005/6/20,108.91,199,133.19,88.55,86.23,14.45,17.9,16.92,84.6,78.13,16.33,289.27
2005/6/21,109.27,199.05,132.72,88.21,85.99,14.35,17.83,16.89,84.74,78.22,16.33,290.23
2005/6/22,108.51,198.41,132.1,88.08,85.63,14.29,17.75,16.83,84.51,77.75,16.21,288.21
2005/6/23,108.72,198.15,131.94,88.07,85.57,14.14,17.72,16.76,84.69,77.73,16.22,288.76
2005/6/24,109.07,198.07,131.15,88.37,85.15,13.96,17.62,16.54,84.08,76.86,16.17,289.69
2005/6/27,109.35,199.3,132.6,88.55,86.03,14.13,17.81,16.66,84.08,77.22,16.39,290.44
2005/6/28,109.44,200.06,133.12,88.87,86.3,14.18,17.88,16.78,84.13,77.46,16.51,290.68
2005/6/29,109.92,199.75,132.66,89.3,85.9,14.07,17.82,16.71,83.91,77.04,16.59,291.95
2005/6/30,110.63,199.9,133.6,89.94,86.29,14.13,17.94,16.91,84.41,77.52,16.65,293.84
2005/7/1,110.84,198.53,134.04,90.32,86.38,14.19,18,16.96,84.32,77.2,16.68,294.4
2005/7/4,111.63,196.86,133.29,89.5,86,14.05,17.89,16.94,83.78,76.12,16.27,296.49
2005/7/5,111.57,196.56,132.94,89.95,85.65,14.04,17.85,16.85,83.64,75.74,16.32,296.33
2005/7/6,111.66,196.33,133.15,89.9,85.73,14.18,17.88,16.86,82.94,75.74,16.36,296.57
2005/7/7,112.3,196.79,133.9,90.95,86.15,14.26,17.97,16.9,82.9,75.56,16.43,298.27
2005/7/8,112.35,195.77,134.08,91.35,86.48,14.24,17.99,16.99,83.04,75.54,16.42,298.41
2005/7/11,112.25,195.15,134.31,92.08,86.31,14.23,18.02,17.04,83.28,75.75,16.42,298.14
2005/7/12,111.68,196.14,134.72,91.89,86.69,14.24,18.08,17.05,83.46,75.83,16.67,296.63
2005/7/13,111.19,197.27,135.75,92.37,87.23,14.42,18.21,17.18,83.98,75.84,16.98,294.86
2005/7/14,112.11,197.4,135.32,92.73,86.8,14.47,18.14,17.13,84.04,75.57,16.78,297.77
2005/7/15,112.31,197.53,135.97,92.78,87.24,14.49,18.24,17.14,84.33,75.84,17.03,298.3
2005/7/19,111.96,195.63,135,91.85,86.41,14.32,18.09,16.77,84.27,75.86,16.93,297.37
2005/7/20,112.93,196.5,136.15,92.66,87.08,14.47,18.25,17,84.81,76.31,16.97,299.95
2005/7/21,112.57,196.64,137.08,92.1,87.8,14.45,18.38,17.17,85.49,76.5,16.98,298.99
2005/7/22,111.03,194.59,134.88,91.25,86.32,14.28,18.08,16.94,84.82,76.12,17,294.9
2005/7/25,111.53,193.84,134.42,91.31,85.95,14.25,18.01,16.92,85.15,76.39,16.78,296.23
2005/7/26,111.82,195.09,134.68,91.72,86.19,14.31,18.06,17.04,85.13,76.6,16.88,297
2005/7/27,112.48,195.41,135.2,91.48,86.57,14.3,18.13,17.06,85.42,76.78,16.88,298.99
2005/7/28,112.5,196.19,135.82,91,86.83,14.36,18.21,17.13,85.1,76.68,16.98,299.04
2005/7/29,112.48,197.5,136.4,91.34,87.51,14.49,18.3,17.24,85.42,76.94,17.05,298.99
2005/8/1,112.57,197.7,136.54,91.92,87.35,14.51,18.31,17.39,85.05,76.55,17.15,299.23
2005/8/2,112.19,198.52,136.82,92.59,87.8,14.57,18.35,17.43,85.34,76.79,17.13,298.22
2005/8/3,111.67,197.52,135.89,91.92,87.3,14.51,18.22,17.31,85.38,76.69,17.05,296.84
2005/8/4,111.29,198.02,137.18,91.62,88.13,14.63,18.39,17.49,85.92,76.97,17.32,295.83
2005/8/5,111.39,198.41,137.87,91.74,88.51,14.78,18.48,17.51,85.83,77.13,17.36,296.09
2005/8/8,112.44,199.68,138.76,92.35,88.97,14.86,18.61,17.55,86.42,77.61,17.41,298.88
2005/8/9,111.96,200.03,138.51,92.25,88.96,14.84,18.58,17.53,85.64,77.79,17.37,297.61
2005/8/10,111.74,199.78,138.03,92.14,88.62,14.75,18.51,17.46,85.11,77.31,17.36,297.02
2005/8/11,110.55,198.77,136.96,91.21,88.02,14.65,18.35,17.35,84.52,77.1,17.37,293.86
2005/8/12,109.93,199.05,136.96,91.32,88.2,14.74,18.36,17.37,85,77.6,17.41,292.21
2005/8/15,109.64,198.91,136.25,91.73,87.81,14.65,18.27,17.23,84.67,77.78,17.23,291.44
2005/8/16,109.35,197.69,134.95,91.01,86.99,14.52,18.1,16.99,83.9,77.11,17.06,290.67
2005/8/17,109.54,198.25,135.33,91.31,87.18,14.52,18.15,17.03,84.03,77.2,16.98,291.17
2005/8/18,110.23,198.91,135.16,90.84,87.26,14.49,18.13,17.04,83.84,77.23,17,293.01
2005/8/19,110.5,198.05,134.69,90.69,86.95,14.44,18.06,16.95,83.24,76.94,16.96,293.73
2005/8/22,110.47,198.46,134.42,91.07,86.72,14.35,18.02,16.83,83.17,76.67,16.95,293.65
2005/8/23,109.79,197.74,134.1,91.2,86.33,14.32,17.99,16.82,82.84,76.52,16.96,291.84
2005/8/24,110.3,198.42,134.59,91.94,86.64,14.41,18.06,16.86,83.24,76.77,17.04,293.59
2005/8/25,110.41,198.84,135.53,92.91,87.42,14.54,18.2,17.09,83.62,77,17.1,293.88
2005/8/26,110.25,198.52,135.46,92.53,87.65,14.51,18.17,17.1,83.61,76.89,17.11,293.45
2005/8/29,110.05,198.97,135.8,92.53,87.94,14.56,18.22,17.14,83.27,76.81,17.02,292.92
2005/8/30,110.58,198.58,135.17,92.33,87.26,14.5,18.14,17.08,82.98,76.62,17.1,294.33
2005/8/31,111.41,199.05,136.08,93.38,87.79,14.56,18.26,17.24,83.16,76.71,17.07,296.54
2005/9/1,110.8,199.71,136.57,93.06,88.31,14.65,18.32,17.35,83.55,77.13,17.44,294.92
2005/9/2,110,201.48,137.21,93,88.98,14.75,18.41,17.55,83.94,77.62,17.45,292.79
2005/9/5,109.72,201.8,137.48,92.29,89.25,14.83,18.43,17.65,84.05,77.59,17.56,292.04
2005/9/6,109.3,201.28,136.57,91.77,88.47,14.69,18.32,17.46,83.87,77.49,17.4,290.92
2005/9/7,109.57,201.53,136.44,92.07,88.41,14.67,18.31,17.44,84.16,77.71,17.36,291.64
2005/9/8,110.32,202.42,136.84,92.85,88.69,14.71,18.37,17.57,84.64,77.79,17.39,293.64
2005/9/9,110.74,203.24,137.12,93.68,88.84,14.69,18.4,17.61,85.46,78.01,17.54,294.76
2005/9/12,109.5,201.56,135.71,93.04,87.96,14.58,18.21,17.44,84.87,77.53,17.41,291.46
2005/9/13,110.42,200.95,135.64,93.13,87.81,14.61,18.2,17.37,84.73,77.57,17.34,293.9
2005/9/14,110.64,201.8,135.94,93.67,87.87,14.58,18.24,17.42,85.14,78.08,17.42,294.49
2005/9/15,110.53,201.49,135.57,93.5,87.76,14.54,18.2,17.41,85.11,78.3,17.43,294.2
2005/9/16,110.87,200.35,135.54,93.51,87.5,14.52,18.19,17.42,84.88,78.1,17.46,295.1
2005/9/20,111.57,200.98,135.48,95.44,87.22,14.53,18.16,17.42,85.41,78.07,17.41,296.97
2005/9/21,111.82,201.12,135.72,95.66,87.35,14.54,18.2,17.44,85.8,77.93,17.48,297.63
2005/9/22,111.46,202.02,136.56,95.63,87.94,14.64,18.32,17.55,86.01,78.06,17.66,296.67
2005/9/26,112.37,199.09,135.09,95.66,86.73,14.41,18.11,17.34,85.08,77.21,17.7,299.1
2005/9/27,112.46,199.91,135.78,96.09,87.16,14.46,18.2,17.38,85.12,77.07,17.67,299.33
2005/9/28,113.23,200.29,136.19,96.16,87.48,14.51,18.26,17.43,85.53,77.13,17.61,301.38
2005/9/29,113.16,199.99,136.19,96.36,87.55,14.53,18.26,17.43,85.8,78.08,17.75,301.2
2005/9/30,113.21,199.19,136.1,96.41,87.44,14.59,18.25,17.36,86.07,78.33,17.81,301.33
2005/10/3,114.01,200.48,136.38,97.94,87.7,14.65,18.29,17.32,86.7,78.79,17.88,303.46
2005/10/4,114.23,200.57,136.13,98.07,87.7,14.64,18.25,17.3,87.23,79.08,17.81,304.05
2005/10/5,114.33,201.21,136.3,97.52,87.87,14.65,18.27,17.27,86.98,79.65,17.79,304.31
2005/10/6,113.94,202.06,137.17,96.51,88.77,14.73,18.4,17.42,86.39,79.48,17.55,303.27
2005/10/7,113.55,201.69,138.14,96.2,89.18,14.81,18.52,17.5,86.33,79.52,17.43,302.32
2005/10/11,114.23,200.19,137.46,97.04,88.75,14.73,18.43,17.49,86.56,79.79,17.61,304.13
2005/10/12,114.68,199.89,137.17,97.43,88.68,14.69,18.39,17.52,86.26,79.45,17.57,305.32
2005/10/13,114.61,200.59,137.68,97.81,88.98,14.73,18.46,17.65,86.63,79.92,17.51,305.14
2005/10/14,114.82,201.15,137.82,97.17,88.92,14.64,18.48,17.57,86.14,79.5,17.44,305.62
2005/10/17,113.99,201.97,138.03,96.34,89.03,14.6,18.5,17.66,85.91,79.52,17.52,303
2005/10/18,115.36,202,138.35,97.7,89.05,14.64,18.55,17.74,86.29,80.19,17.7,307.05
2005/10/19,115.84,202.19,138.26,98.33,88.96,14.63,18.53,17.69,86.45,80.49,17.65,308.33
2005/10/20,115.59,203.62,138.4,98.27,89.13,14.66,18.55,17.77,86.73,80.76,17.61,307.67
2005/10/21,115.35,205.15,139.04,98.11,89.92,14.67,18.64,17.87,86.92,81.08,17.44,307.03
2005/10/24,115.98,204.89,138.41,97.8,89.68,14.55,18.56,17.77,86.79,81.28,17.52,308.7
2005/10/25,115.62,204.14,138.19,97.32,89.56,14.5,18.53,17.66,86.7,81.29,17.5,307.75
2005/10/26,115.03,205.23,139.2,97.77,90.1,14.65,18.66,17.79,87.05,81.2,17.45,306.18
2005/10/27,115.9,206.27,140.02,99.03,90.45,14.71,18.78,17.95,87.6,81.57,17.36,308.49
2005/10/28,115.36,205.81,140.1,98.42,90.64,14.71,18.78,17.98,87.4,81.67,17.23,307.05
2005/10/31,115.76,205.52,139.59,98.25,90.37,14.63,18.71,17.86,86.73,81.44,17.33,308.12
2005/11/1,116.59,206.22,139.66,98.71,90.34,14.65,18.73,17.96,87.19,81.58,17.41,310.41
2005/11/2,116.9,206.19,140.29,99.35,90.68,14.64,18.82,18.01,86.85,81.47,17.62,311.32
2005/11/4,117.53,207.86,140.25,99.42,90.88,14.62,18.8,18.01,86.81,81.01,17.73,313
2005/11/7,118.16,206.54,139.46,99.77,90.25,14.55,18.7,17.89,86.49,80.77,17.64,314.67
2005/11/8,117.81,205.18,138.47,99.11,89.78,14.43,18.58,17.82,86.21,79.97,17.51,313.74
2005/11/9,117.41,204.58,138.11,98.97,89.5,14.49,18.52,17.78,86.26,80.11,17.44,312.51
2005/11/10,117.8,205.24,138.39,99.12,89.79,14.41,18.57,17.9,86.38,80.95,17.46,313.55
2005/11/11,117.77,204.97,137.59,99.02,89.55,14.31,18.44,17.85,86.18,80.92,17.43,313.64
2005/11/14,118.07,205.56,138.44,99.09,90,14.49,18.55,17.85,86.57,81.09,17.5,314.43
2005/11/15,118.85,206.72,138.97,99.56,90.23,14.52,18.64,17.87,86.58,81.01,17.58,316.51
2005/11/16,119,206.5,139.47,99.8,90.33,14.49,18.71,17.86,87.11,81.54,17.58,316.74
2005/11/17,119.03,204.59,138.97,99.72,89.82,14.44,18.65,17.82,87.09,81.63,17.72,316.82
2005/11/18,118.98,204.63,139.8,100.14,90.29,14.53,18.75,17.77,87.22,81.8,17.77,316.69
2005/11/21,119.38,204.84,140.53,100.23,90.72,14.66,18.85,17.83,87.49,82.19,17.83,317.75
2005/11/22,119.11,204.42,139.7,100.67,90.26,14.61,18.74,17.76,87.66,82.13,17.97,317.03
2005/11/24,118.64,204.4,140.16,101.24,90.41,14.75,18.8,17.81,87.65,82.4,18.07,315.78
2005/11/25,119.36,205.49,140.44,101.77,90.57,14.79,18.82,17.84,88.08,82.98,18.26,317.7
2005/11/28,119.79,204.89,140.06,102.46,90.61,14.79,18.78,17.81,87.97,83.42,18.43,318.84
2005/11/29,119.02,205.68,141.05,101.74,91.2,14.91,18.93,17.87,88.36,83.8,18.42,316.8
2005/11/30,119.68,205.6,140.91,102.28,91.08,14.78,18.91,17.72,88.44,84.03,18.46,318.55
2005/12/1,119.78,207.11,141.22,102.71,91.09,14.84,18.95,17.79,88.55,84.52,18.59,318.99
2005/12/2,120.69,208.91,141.52,103.45,91.54,14.9,19,17.82,89.66,85.24,18.68,321.5
2005/12/5,121.12,209.79,141.86,104.21,91.89,15.07,19.04,17.92,90.48,86.56,19.08,322.38
2005/12/6,121.08,210.93,142.73,104.66,92.61,15.11,19.17,18.15,90.85,86.95,19.08,322.28
2005/12/7,120.8,210.16,142.33,104.32,92.46,15.17,19.11,17.89,90.5,85.79,19.14,321.53
2005/12/8,120.89,209.79,141.78,104.18,92.09,15.09,19.03,17.89,90.66,85,19,321.77
2005/12/9,120.78,211.47,142.42,104.34,92.71,15.09,19.13,17.95,90.68,84.81,19.12,321.48
2005/12/12,120.9,211.97,142.67,104.46,92.72,15.15,19.16,18,90.76,85.16,18.99,321.8
2005/12/13,119.97,212.91,143.36,104.29,93.06,15.2,19.25,18.06,90.81,85.35,18.99,319.32
2005/12/14,119.88,212.16,143.29,104.18,92.79,15.19,19.24,18.03,90.17,84.65,18.94,319.08
2005/12/15,117.69,208.56,141,102.21,91.68,14.96,18.93,17.73,88.86,83.28,18.63,313.26
2005/12/16,115.73,204.18,138.33,100.02,89.7,14.62,18.57,17.38,86.27,79.81,17.98,308.04
2005/12/19,115.74,205.04,139.07,99.83,89.74,14.71,18.67,17.48,86.19,79.76,18,308.06
2005/12/20,116.3,204.99,139.62,99.6,89.98,14.84,18.74,17.45,86.29,80.11,18.34,309.56
2005/12/21,117.06,205.86,139.07,99.86,89.57,14.75,18.66,17.29,86,80.08,18.41,311.58
2005/12/22,117.66,205.28,139.22,100.87,89.57,14.76,18.67,17.35,86.23,79.74,18.51,313.18
2005/12/26,116.12,201.46,137.78,99.44,88.46,14.58,18.48,17.21,84.8,78.45,18.23,309.08
2005/12/27,116.94,202.35,138.38,100.13,88.91,14.64,18.56,17.25,85.46,79.03,18.34,311.26
2005/12/28,117.51,203.3,139.23,100.2,89.35,14.76,18.68,17.38,85.29,79.07,18.44,312.78
2005/12/29,118.07,203.17,139.91,101.23,89.78,14.87,18.76,17.4,86.05,80.3,18.65,314.27
2005/12/30,118.07,203.74,139.88,101.39,89.8,14.84,18.76,17.43,86.43,80.82,18.69,314.27
2006/1/4,115.96,202.88,139.59,100.25,90.05,14.91,18.72,17.53,86.03,79.53,18.71,308.65
2006/1/5,116.28,204.42,140.79,101.2,91.06,15.09,18.88,17.76,86.87,80.23,18.92,309.91
2006/1/6,115.93,203.64,140.4,99.66,90.83,15.05,18.81,17.72,86.72,79.63,18.87,308.98
2006/1/10,114.66,202.5,138.37,98.17,89.73,14.82,18.55,17.41,86.17,79.62,18.99,305.6
2006/1/11,114.6,202.04,138.1,98.46,89.4,14.76,18.53,17.25,85.95,79.62,18.85,305.44
2006/1/12,114.34,201.9,138.74,98.63,89.69,14.85,18.61,17.27,86.32,79.78,19.1,304.74
2006/1/13,114.74,201.97,138.08,98.79,89.22,14.83,18.52,17.15,86.04,79.7,18.86,305.4
2006/1/16,113.96,202.77,138.62,98.25,89.44,14.84,18.57,17.22,86.26,79.68,19.03,303.33
2006/1/17,115.26,203.49,139.45,99.38,89.97,14.95,18.7,17.29,86.76,79.97,19.22,306.79
2006/1/18,115.68,204.34,139.89,99.44,90.26,15.03,18.76,17.31,86.85,79.67,19.15,307.91
2006/1/19,115.5,203.37,139.65,98.63,90.03,14.98,18.72,17.14,86.22,79.33,19.08,307.43
2006/1/20,115.66,203.33,139.76,99.35,89.95,14.98,18.74,17.2,86.55,78.85,19.38,307.85
2006/1/23,115.23,204.74,140.75,100.02,90.88,15.16,18.86,17.44,86.5,78.71,19.21,306.71
2006/1/24,114.59,204.69,140.88,99.65,91.03,15.24,18.9,17.47,86.23,78.16,19.34,305
2006/1/25,115.11,205.26,141.21,99.84,91.15,15.25,18.94,17.59,86.57,78.55,19.13,306.39
2006/1/26,115.62,206.36,141.63,100.37,91.44,15.25,18.99,17.61,87.07,79.43,19.12,307.75
2006/1/27,116.33,206.86,141.96,101.19,91.55,15.35,19.03,17.57,87.46,79.65,19.09,309.64
2006/1/30,117.15,207.44,141.8,101.98,91.33,15.31,19.01,17.57,87.87,79.91,19.15,311.82
2006/1/31,117.75,208.15,142.28,102.62,91.5,15.39,19.07,17.5,88.19,80.36,19.26,313.41
2006/2/1,117.32,208.52,142.44,102.96,91.67,15.45,19.1,17.67,88.88,80.81,19.38,312.27
2006/2/2,118.05,209.61,142.46,103.37,91.66,15.4,19.09,17.66,88.92,80.88,19.41,314.21
2006/2/3,118.55,210.96,143.42,103.56,92.2,15.44,19.22,17.85,89.33,81.82,19.56,315.54
2006/2/6,118.79,209.51,142.95,103.76,91.9,15.42,19.14,17.81,88.96,81.6,19.59,316.18
2006/2/7,119.11,208.1,142.44,103.92,91.5,15.3,19.08,17.73,88.39,81.22,19.53,317.03
2006/2/8,117.98,205.8,141.3,102.24,90.91,15.18,18.91,17.58,87.35,79.99,19.03,314.03
2006/2/9,118.45,206.43,141.84,102.99,91.27,15.31,19,17.69,87.81,80.26,19.21,315.28
2006/2/10,118.96,207.19,142.34,103.73,91.4,15.36,19.07,17.75,88.11,80.95,19.51,316.64
2006/2/13,117.7,205.09,139.92,102.02,89.97,15.06,18.75,17.31,86.85,79.97,19.24,313.28
2006/2/14,117.55,204.69,139.83,101.71,89.83,14.97,18.72,17.25,86.55,79.22,19.12,312.88
2006/2/15,117.74,204.3,140.3,102.01,90.03,15.07,18.8,17.24,87.29,79.75,19.24,313.39
2006/2/16,118.04,205.35,140.2,101.93,90,15.03,18.79,17.25,87.23,79.7,19.44,314.27
2006/2/17,117.84,204.88,140.26,101.87,89.96,14.95,18.78,17.38,87.37,79.15,19.49,313.74
2006/2/20,118.23,205.98,141.15,102.7,90.29,15.07,18.92,17.52,87.42,79.11,19.59,314.78
2006/2/21,118.5,206.49,141.33,103.22,90.55,15.09,18.95,17.57,87.56,79.29,19.69,315.5
2006/2/22,118.79,207.41,141.57,103.59,90.82,15.08,18.98,17.62,87.77,78.51,19.58,316.27
2006/2/23,118.46,206.37,140.97,103.1,90.24,15.06,18.9,17.5,87.09,77.92,19.53,315.39
2006/2/24,116.71,204.59,139.18,101.21,89.22,14.81,18.66,17.33,86.31,77.27,19.13,310.73
2006/2/27,116.43,202.58,137.73,101.16,88.04,14.64,18.47,17.12,85.97,76.65,19.12,309.98
2006/2/28,116.29,202.21,137.64,101.96,87.87,14.56,18.46,17.14,85.71,76.73,18.84,309.61
2006/3/1,115.87,203.22,138.35,101.86,88.44,14.68,18.55,17.19,86.13,76.91,18.9,308.49
2006/3/2,116.13,203.16,138.32,102.16,88.39,14.65,18.55,17.27,86.64,77.24,18.86,309.19
2006/3/3,116.56,204.14,140.11,102.88,89.57,14.82,18.78,17.45,86.88,77.64,19.12,310.33
2006/3/6,116.59,205.19,140.85,102.62,90.23,14.93,18.88,17.61,87.06,77.64,18.88,310.33
2006/3/7,117.68,205.49,141.1,103.24,90.46,14.96,18.93,17.7,87.07,76.77,18.9,313.31
2006/3/8,117.74,204.27,139.8,102.3,89.54,14.79,18.74,17.52,86.35,76.44,18.84,313.47
2006/3/9,117.8,204.69,140.58,101.89,90.09,14.87,18.86,17.53,86.62,76.61,18.72,313.21
2006/3/10,118.41,205.51,140.83,101.96,89.97,14.95,18.89,17.53,87.06,76.49,18.95,315.26
2006/3/13,118.99,205.53,141.87,102.39,90.4,15.11,19.01,17.8,87.17,76.47,19.04,316.8
2006/3/14,118.51,205.85,141.92,102.42,90.48,15.14,19.03,17.82,87.14,75.69,19,315.52
2006/3/15,117.75,205.54,141.5,101.75,90.42,15.11,18.97,17.78,86.93,75.62,18.94,313.5
2006/3/16,117.74,205.81,141.97,101.9,90.79,15.14,19.04,17.8,87.02,75.95,19.06,313.47
2006/3/17,116.74,205.12,142.2,101.25,90.57,15.21,19.06,17.76,86.07,74.68,18.91,310.73
2006/3/20,116.24,203.93,141.57,100.22,90.04,15.18,18.96,17.75,84.39,73.18,18.78,309.4
2006/3/22,117.38,205.09,141.96,100.73,90.22,15.17,19.03,17.87,84.13,73.01,18.46,312.51
2006/3/23,116.93,204.19,141.11,100.21,89.51,15.09,18.92,17.75,84.1,73.23,18.6,311.32
2006/3/24,118.05,204.77,141.28,101.16,89.62,15.12,18.94,17.72,83.97,72.66,18.63,314.3
2006/3/27,117.18,204.16,140.96,100.39,89.47,15.05,18.88,17.68,82.92,71.21,18.73,311.9
2006/3/28,116.4,203.41,139.77,99.52,88.93,14.95,18.74,17.61,82.32,70.63,18.57,309.9
2006/3/29,118,205.6,141.56,100.82,90.09,15.1,18.98,17.83,83.11,71.12,18.77,314.16
2006/3/30,117.89,204.56,141.79,100.61,90.01,15.05,19.01,17.78,83.6,71.78,18.79,313.79
2006/3/31,117.47,205.2,142.75,101.13,90.49,15.19,19.15,17.93,84.01,71.94,19.03,312.75
2006/4/3,118.11,204.91,142.89,100.99,90.48,15.15,19.16,18,84.54,72.77,19.14,314.46
2006/4/4,117.99,205.14,143.11,100.67,90.35,15.23,19.18,18.19,84.23,71.37,19.32,314.14
2006/4/5,117.39,205.98,143.76,100.92,90.92,15.35,19.27,18.28,84.86,71.85,19.46,312.54
2006/4/6,117.74,206.27,144.63,101.32,91.6,15.49,19.38,18.34,85.59,72.27,19.49,313.39
2006/4/7,117.94,206.62,143.88,102.09,91.26,15.43,19.29,18.27,86.13,72.14,19.48,313.92
2006/4/10,118.23,206.23,143.19,102.9,90.97,15.3,19.19,18.2,85.88,71.94,19.39,314.78
2006/4/11,118.58,206.6,143.41,103.24,90.91,15.32,19.22,18.28,86.37,72.01,19.3,315.71
2006/4/12,117.9,206.21,143.31,103.1,90.95,15.37,19.2,18.31,86.5,72.4,19.24,313.81
2006/4/13,118.49,207.38,143.27,103.08,91.17,15.34,19.22,18.26,86.69,73.89,19.37,315.47
2006/4/14,118.77,208.09,143.75,103.09,91.5,15.45,19.28,18.27,86.48,73.41,19.43,316.13
2006/4/17,118.25,207.9,143.86,102.86,91.53,15.42,19.28,18.29,86.44,73.34,19.35,314.83
2006/4/18,117.97,209,144.63,102.95,92.25,15.58,19.39,18.37,87.33,73.79,19.44,314.08
2006/4/19,116.94,208.49,144.49,102.55,92.14,15.54,19.37,18.4,87.02,73.85,19.57,311.26
2006/4/20,117.59,210.44,145.27,103.47,92.65,15.66,19.47,18.65,87.55,74.39,19.66,312.99
2006/4/21,117.72,209.45,144.84,103.28,92.06,15.57,19.43,18.55,87,73.82,19.41,313.34
2006/4/24,115.79,206.78,143.04,101.88,90.97,15.33,19.19,18.28,86.37,73.53,19.26,308.2
2006/4/25,114.34,204.19,141.54,100.55,90.07,15.17,18.97,18.01,85.15,71.98,18.91,304.34
2006/4/26,114.94,205.65,142.84,101.63,90.66,15.34,19.15,18.19,85.71,72.06,18.89,305.94
2006/4/27,114.79,205.01,142.97,101.79,90.41,15.34,19.17,18.34,86.52,72.57,18.7,305.54
2006/4/28,114.4,206.21,143.35,101.76,90.79,15.41,19.22,18.43,86.47,72.55,18.58,304.5
2006/5/1,113.75,207.39,143.48,101.73,91.7,15.46,19.22,18.48,86.32,72.54,18.96,302.77
2006/5/2,113.92,207.64,143.14,102.17,91.63,15.41,19.21,18.42,86.29,72.44,18.86,303.22
2006/5/8,111.88,208.18,142.32,101.17,91.25,15.28,19.09,18.28,86.26,71.78,18.51,297.79
2006/5/9,111.43,206.93,141.43,100.16,90.65,15.18,18.98,18.19,85.76,70.58,18.45,296.59
2006/5/10,111.24,207.45,141.89,101.08,91.13,15.25,19.03,18.26,86.08,70.24,18.43,296.09
2006/5/11,111.15,206.49,141.75,100.53,90.97,15.22,19,18.26,85.69,69.17,18.38,295.85
2006/5/12,110.44,208.1,141.94,100.27,91.13,15.17,19.05,18.3,85.8,69.76,18.16,293.96
2006/5/15,109.95,208.41,142.09,99.05,91.82,15.16,19.07,18.33,84.82,68.65,17.53,292.81
2006/5/16,110.49,207.61,141.48,99.17,91.24,15.04,18.99,18.17,84.24,68.74,17.24,294.17
2006/5/17,109.62,206.83,140.74,99,90.71,14.98,18.89,17.96,84.1,68.72,17.26,291.85
2006/5/18,110.94,208.86,141.42,99.41,91.36,15.03,18.98,18.11,84.15,68.98,17.25,295.29
2006/5/19,110.88,209.88,142.43,99.08,91.88,15.2,19.1,18.25,84.58,69.03,17.25,295.13
2006/5/22,112.07,209.95,142.87,99.89,91.98,15.27,19.16,18.32,84.41,69.26,17.29,298.38
2006/5/23,111.78,210.66,143.68,100.07,92.7,15.39,19.28,18.39,84.13,69.53,17.07,297.52
2006/5/24,112.48,211.28,143.74,100.07,92.79,15.4,19.28,18.35,84.36,70.26,16.91,299.47
2006/5/25,112.8,211.01,143.96,100.52,92.69,15.47,19.31,18.42,84.97,71.61,17.23,300.24
2006/5/26,111.73,209.26,142.96,100.76,91.77,15.37,19.18,18.3,84.94,71.46,17.19,297.47
2006/5/29,112.37,208.91,143.14,101.66,91.65,15.39,19.2,18.28,85.17,71.33,17.25,299.17
2006/5/30,112.7,209.58,143.7,101.89,92.08,15.48,19.28,18.4,85.38,71.62,17.3,299.97
2006/5/31,112.29,211.24,144.3,102.08,92.57,15.57,19.36,18.46,85.44,71.76,16.79,298.88
2006/6/1,112.68,210.46,144.11,102.32,92.32,15.57,19.33,18.49,84.54,71.3,16.79,299.92
2006/6/2,112.65,210.26,144.32,102.13,92.28,15.61,19.36,18.55,84.35,70.87,17.02,299.92
2006/6/5,111.69,210.36,144.48,101.4,92.58,15.67,19.38,18.57,84.05,70.69,16.8,297.29
2006/6/6,112.42,210.45,144.97,101.61,92.99,15.78,19.44,18.68,83.98,70.98,16.83,299.23
2006/6/7,113.17,210.63,145.07,101.71,93.09,15.77,19.46,18.66,83.87,71.2,16.73,301.22
2006/6/8,113.66,211,145.35,102.09,93.03,15.79,19.48,18.61,84.35,71.56,16.86,302.53
2006/6/9,114.03,210.18,144.13,101.68,92.43,15.61,19.33,18.4,84.71,71.36,16.94,303.51
2006/6/12,114.29,210.31,144.26,103.27,92.72,15.65,19.34,18.54,85.49,72.3,16.96,304.21
2006/6/13,114.39,210.8,144.04,104.14,92.77,15.57,19.31,18.49,85.03,71.7,16.86,304.63
2006/6/14,115.27,211.34,144.51,103.57,92.99,15.62,19.4,18.5,85.03,71.43,16.87,306.24
2006/6/15,115.14,212.21,145.01,103.32,93.4,15.65,19.46,18.46,84.85,71.73,16.88,306.55
2006/6/16,114.76,212.58,145.06,103.24,93.31,15.62,19.47,18.52,85.24,71.67,16.76,305.46
2006/6/19,115.45,213.28,145.59,102.79,93.6,15.66,19.54,18.56,85.12,71.19,16.77,307.29
2006/6/20,115.61,212.6,145.22,103.05,93.05,15.64,19.48,18.49,85.14,71.29,16.57,307.8
2006/6/21,114.78,211.75,144.55,102.81,92.71,15.67,19.4,18.31,84.78,71.35,16.17,305.59
2006/6/22,114.87,211.89,145.39,103.6,93.06,15.8,19.52,18.3,84.96,70.7,16.13,305.75
2006/6/23,116.12,212.44,146.02,103.68,93.4,15.83,19.6,18.35,85.13,71.05,15.84,309.16
2006/6/26,116.41,211.89,145.66,103.72,93.23,15.79,19.54,18.41,85.18,70.74,15.72,309.85
2006/6/27,116.05,211.87,146.36,103.48,93.56,15.88,19.64,18.48,85.24,70.37,15.82,308.97
2006/6/28,116.29,211.88,146.26,103.58,93.53,15.79,19.62,18.46,85.23,70.11,15.96,309.53
2006/6/29,116.6,211.93,146.19,103.74,93.47,15.87,19.61,18.53,84.88,69.53,16.12,310.35
2006/6/30,115.24,210.75,145.96,103.72,93.19,15.82,19.58,18.44,85.27,69.93,16.22,306.73
2006/7/3,114.47,211.48,146.32,102.53,93.5,15.91,19.63,18.39,85.26,69.69,16.03,304.68
2006/7/4,114.6,211.32,146.67,102.98,93.59,15.97,19.67,18.39,85.26,69.79,16.33,304.95
2006/7/5,115.13,212.18,147.1,103.73,93.96,16.05,19.72,18.47,85.67,70.09,16.32,306.36
2006/7/6,115.63,212.18,147.09,103.89,93.76,16.02,19.73,18.54,85.76,69.91,15.94,307.77
2006/7/7,115.35,211.82,147.28,103.78,93.86,16.08,19.76,18.53,86.07,69.8,16.12,307.03
2006/7/10,113.99,210.86,145.87,102.21,93.14,15.96,19.56,18.3,85.58,69.63,16.03,303.16
2006/7/11,114.22,210.59,145.48,101.57,92.85,15.86,19.51,18.22,85.41,69.81,16.09,304.02
2006/7/12,114.32,210.92,145.87,100.95,93.19,15.93,19.55,18.28,86.07,70.6,16.08,304.29
2006/7/13,115.52,211.91,146.69,101.75,93.55,15.98,19.68,18.45,86.94,71.43,16.21,307.48
2006/7/14,115.63,212.86,146.61,102.15,93.96,15.95,19.66,18.55,87,71.53,16.04,307.77
2006/7/18,117.08,212.98,146.54,103.07,93.75,15.88,19.66,18.51,87.61,72.82,16.19,311.63
2006/7/19,117.37,214.14,146.52,103.27,93.56,15.8,19.65,18.46,87.53,73.12,16.48,312.4
2006/7/20,116.95,215.5,147.36,103.09,93.75,15.94,19.77,18.49,87.72,72.99,16.48,311.29
2006/7/21,117.01,216.14,147.78,103.12,94.05,16.02,19.82,18.63,87.83,72.83,16.75,311.45
2006/7/24,116.58,216.3,147.59,102.38,94,15.94,19.77,18.61,87.49,72.56,16.61,310.3
2006/7/25,116.92,215.87,147.45,102.25,93.69,15.94,19.77,18.55,88.12,72.91,16.68,311.21
2006/7/26,117.04,215.42,147.15,102.51,93.36,15.91,19.73,18.52,88.14,73.11,16.73,311.53
2006/7/27,116.34,215.75,147.89,102.54,93.74,15.99,19.83,18.67,88.57,72.36,16.69,309.66
2006/7/28,115.99,215.32,147.12,102.12,93.57,15.95,19.73,18.66,88.44,71.8,16.93,308.73
2006/7/31,114.85,213.95,146.48,101.49,93.18,15.86,19.64,18.58,87.92,71.03,16.64,305.7
2006/8/1,114.68,214.08,146.24,101.44,93.05,15.89,19.61,18.59,87.72,71,16.51,305.24
2006/8/2,114.48,214.89,146.82,101.26,93.34,15.96,19.68,18.66,87.85,70.95,16.49,304.71
2006/8/3,114.84,215.47,146.5,101.88,93.03,15.95,19.65,18.61,87.73,71.44,16.66,305.67
2006/8/4,115.24,217.46,147.5,102.49,93.57,16,19.78,18.76,87.71,71.28,16.77,306.73
2006/8/7,114.4,218.2,147.35,101.55,93.65,16.03,19.76,18.7,87.66,71.76,16.79,304.5
2006/8/8,115.06,219.29,147.53,102.83,93.8,16.08,19.78,18.68,87.92,71.91,16.93,306.25
2006/8/9,115.62,219.61,147.74,102.76,93.88,16.09,19.81,18.66,87.64,72.27,16.99,307.75
2006/8/10,115.45,219.87,148.47,103,94.11,16.21,19.91,18.69,88.47,73.22,17.15,307.29
2006/8/11,115.43,218.64,147.55,102.44,93.43,16.04,19.77,18.57,88.72,73.27,17.08,307.24
2006/8/14,116.32,220.21,148.13,103.48,93.83,16.11,19.87,18.6,89.17,74.01,17.17,309.61
2006/8/15,116.6,220.27,148.33,103.43,93.92,16.09,19.89,18.51,88.56,73.57,17.04,310.35
2006/8/16,116.11,219.85,148.42,103.39,93.85,16.11,19.91,18.54,88.75,73.82,16.94,309.05
2006/8/17,115.79,219.63,148.82,103.48,94.21,16.19,19.95,18.4,88.96,74.22,17.17,308.2
2006/8/18,116.1,218.79,148.86,103.22,94.15,16.23,19.94,18.44,88.41,74.26,17.05,309.02
2006/8/21,115.84,218.07,148.77,102.96,94.06,16.14,19.95,18.45,87.83,73.98,16.49,308.33
2006/8/22,116.21,219.72,149.5,103.9,94.72,16.24,20.05,18.61,88.48,74.43,16.47,309.32
2006/8/23,116.37,219.74,148.97,104.32,94.22,16.2,19.97,18.55,88.85,74.3,16.31,309.74
2006/8/24,116.52,220.4,148.88,104.75,94.2,16.2,19.96,18.51,88.71,74.13,16.31,310.14
2006/8/25,116.73,220.32,148.97,105.11,94.22,16.18,19.98,18.41,88.82,74.11,16.32,310.7
2006/8/28,117.24,221.43,149.74,105.77,94.69,16.18,20.05,18.6,88.83,74.62,16.36,312.06
2006/8/29,117.02,222,149.86,105.27,94.83,16.19,20.1,18.64,88.91,74.79,16.29,311.47
2006/8/30,116.8,221.83,149.92,105.39,95.11,16.24,20.11,18.6,89.21,75.35,16.48,310.89
2006/8/31,117.33,223.49,150.51,105.63,95.51,16.27,20.19,18.56,89.46,76.46,16.59,312.3
2006/9/1,117.43,223.59,150.38,106.25,95.36,16.2,20.18,18.58,89.73,77.16,16.32,312.56
2006/9/4,116.88,222.88,150.21,105.75,95.09,16.1,20.13,18.49,89.8,76.85,16.24,311.1
2006/9/5,115.89,220.59,148.76,104.67,94.04,15.98,19.95,18.27,89.29,75.05,16.18,308.46
2006/9/6,116.29,220.23,148.97,104.64,94.21,16.03,19.98,18.3,89.6,75.33,16.23,309.53
2006/9/7,116.8,220.23,149.71,105.55,94.63,16.09,20.08,18.28,89.61,75.79,15.93,310.39
2006/9/8,116.51,218.3,148.2,104.95,93.63,15.85,19.85,17.96,88.31,75.01,15.87,310.11
2006/9/11,116.83,217.91,147.91,104.19,93.54,15.87,19.83,17.94,87.96,74.39,15.81,310.97
2006/9/12,117.65,219.73,149.56,104.9,94.6,16.12,20.06,18.02,88.4,75.15,15.98,313.15
2006/9/13,117.84,220.71,149.42,105.16,93.98,16.16,20.04,17.97,88.46,75.56,16.1,313.65
2006/9/14,117.67,220.9,149.32,105.06,94.1,16.17,20.03,17.84,88.53,77.04,16.13,313.2
2006/9/15,117.83,222.22,149.82,105.33,94,16.26,20.09,18.02,88.81,77.63,15.91,313.63
2006/9/19,118.02,221.9,150.03,105.51,94.41,16.33,20.11,18.05,89.11,78.14,16.15,314.13
2006/9/20,117.49,221.06,148.92,104.14,93.87,16.16,19.97,17.98,88.36,77.4,15.97,312.72
2006/9/21,117.32,221.85,149.08,104.06,93.94,16.17,20,18,88.76,77.49,15.85,312.27
2006/9/22,116.39,221.49,148.8,103.91,93.7,16.1,19.96,17.86,88.1,76.99,15.38,309.8
2006/9/25,116.63,221.67,149.06,104.23,94.3,16.09,20,17.79,87.44,77.29,15.26,310.43
2006/9/26,116.39,221.42,148.46,104.24,94.06,15.95,19.91,17.85,87.8,78,15.23,309.8
2006/9/27,117.11,221.85,148.64,105.19,94.18,15.98,19.94,17.92,88.02,77.3,15.37,311.71
2006/9/28,117.44,222.13,149.4,105.7,94.49,16.09,20.04,18.15,88.2,77.39,15.42,312.59
2006/9/29,117.89,221.09,149.74,106.04,94.56,16.18,20.08,18.26,88.09,76.82,15.36,313.79
2006/10/2,118.23,221.26,149.86,105.74,94.46,16.14,20.11,18.12,88.09,76.98,15.28,314.69
2006/10/3,117.73,222.07,150.01,105.5,94.71,16.07,20.13,17.95,88.04,77.41,15.27,313.36
2006/10/4,118.11,222.81,150.34,105.21,94.79,16.14,20.17,17.93,87.86,77.76,15.03,314.37
2006/10/5,117.77,222.13,149.57,104.67,94.22,16.03,20.07,17.84,87.82,78.18,14.98,313.47
2006/10/6,117.97,221.55,149.67,104.74,94.16,16.14,20.06,17.82,88.01,78.13,15.12,314
2006/10/10,119.06,222.17,149.86,105.86,94.3,16.1,20.11,17.83,88.56,78.38,15.2,316.9
2006/10/11,119.72,222,150.12,105.59,94.23,16.22,20.14,17.85,89.12,79.03,15.47,318.66
2006/10/12,119.75,222.14,149.9,105.15,94.1,16.23,20.12,17.77,88.95,78.96,15.52,318.91
2006/10/13,119.4,221.89,149.87,105.32,94.1,16.2,20.12,17.77,89.73,78.61,15.86,317.81
2006/10/16,119.76,221.93,149.65,105.24,93.96,16.15,20.08,17.71,89.86,78.69,16.03,318.76
2006/10/17,119.02,221.72,149.24,104.66,93.74,16.12,20.03,17.61,89.69,78.58,15.86,316.8
2006/10/18,118.74,222.02,148.96,104.14,93.62,16.06,19.98,17.58,89.41,78.72,15.61,316.05
2006/10/19,118.99,222.19,149.13,104.74,93.65,16.12,20.01,17.57,89.86,78.91,15.7,316.72
2006/10/20,118.45,222.34,149.63,104.94,94.26,16.21,20.08,17.74,89.95,79.08,15.82,315.28
2006/10/23,118.72,223.48,149.77,105.49,94.29,16.27,20.1,17.76,90.18,79.3,15.79,316
2006/10/24,119.33,223.46,149.69,105.73,94.14,16.28,20.09,17.84,90.3,79.12,15.48,317.62
2006/10/25,119.33,223.56,149.85,105.79,94.22,16.29,20.12,17.91,90.56,78.78,15.49,317.62
2006/10/26,118.97,223.57,150.07,105.82,94.14,16.3,20.12,18.06,90.56,78.12,15.75,316.66
2006/10/27,118.7,224.31,150.71,105.68,94.64,16.34,20.23,18.15,90.71,78.06,15.89,315.94
2006/10/30,117.57,223.02,149.58,104.98,94.1,16.24,20.08,17.99,90.46,77.81,15.89,312.94
2006/10/31,117.69,223.66,149.57,104.51,94.17,16.23,20.08,17.92,90.52,78.29,15.61,313.26
2006/11/1,116.97,223.18,149.31,104.2,94.04,16.2,20.04,17.86,90.64,78.43,15.86,311.34
2006/11/2,117.44,223.9,149.61,103.75,94.21,16.26,20.08,18.11,90.63,78.87,15.9,312.59
2006/11/6,118.02,224.39,150.09,104.37,94.14,16.39,20.13,18.22,90.9,79.06,16.02,314.13
2006/11/7,118.28,224.6,150.5,104.81,94.22,16.43,20.19,18.24,91.16,79,16.09,314.83
2006/11/8,117.76,224.39,150.38,104.21,94.23,16.47,20.18,18.23,91.04,78.86,16.11,313.44
2006/11/9,118.03,224.67,150.49,104.49,94.28,16.48,20.17,18.28,90.55,78.64,16.16,314.16
2006/11/10,117.91,224.83,151.34,104.45,94.94,16.66,20.3,18.39,90.73,78.59,16.32,313.84
2006/11/13,117.43,224.74,151.07,103.73,94.85,16.58,20.26,18.46,90.1,78.23,16.29,312.56
2006/11/14,117.8,224.21,150.93,103.59,94.67,16.61,20.25,18.38,90.01,77.92,16.23,313.55
2006/11/15,117.73,223.22,150.79,103.44,94.62,16.66,20.23,18.33,90.13,77.9,16.25,313.36
2006/11/16,118.05,222.97,151.35,103.64,94.72,16.71,20.28,18.38,90.3,77.9,16.42,314.21
2006/11/17,118.29,223.32,151.29,103.57,94.72,16.72,20.29,18.32,90.67,78.66,16.28,314.85
2006/11/20,117.98,223.48,151.37,102.97,94.85,16.68,20.3,18.29,90.73,78.48,16.26,314.03
2006/11/21,118.07,224.16,151.39,103.12,94.95,16.66,20.31,18.32,90.98,79.07,16.36,314.27
2006/11/22,117.95,224.12,151.48,102.94,95.07,16.63,20.33,18.36,90.97,78.97,16.4,313.95
2006/11/24,116.47,223.09,150.79,101.91,95.14,16.62,20.24,18.28,90.35,77.98,16.17,310.01
2006/11/27,115.68,224.26,151.92,102.06,95.9,16.8,20.39,18.35,90.29,77.83,16.29,307.91
2006/11/28,116.01,224.95,152.39,102.38,96.19,16.86,20.45,18.44,90.35,77.68,16.19,308.78
2006/11/29,115.89,226.39,152.89,102.3,96.28,16.83,20.52,18.42,90.77,78.76,16.29,308.46
2006/11/30,116.47,226.66,153.11,102.18,96.24,16.88,20.55,18.67,91.36,78.97,16.28,310.01
2006/12/1,115.75,227.62,153.35,101.4,96.65,16.94,20.58,18.82,91.32,79.06,16.27,308.09
2006/12/4,115.3,228.4,153.83,100.76,96.66,17.05,20.65,18.86,90.88,79.2,16.14,306.89
2006/12/5,115.37,228.29,153.83,101.09,96.63,17.03,20.64,18.83,90.96,79.54,16.16,307.08
2006/12/6,114.91,226.72,153,100.57,96.38,16.95,20.53,18.81,90.56,79.1,16.26,305.86
2006/12/7,115.17,226.5,153.04,100.31,96.3,16.88,20.53,18.87,90.6,79.11,16.28,306.55
2006/12/8,115.32,226.33,153.17,100.31,96.41,16.95,20.55,18.93,90.88,79.27,16.37,306.95
2006/12/11,116.48,227.21,153.35,101.38,96.46,16.93,20.58,18.86,91.33,79.89,16.53,310.03
2006/12/12,116.84,228.95,154.8,101.74,97.2,17.07,20.77,19.05,91.8,80.48,16.62,310.99
2006/12/13,116.92,230.36,155.18,101.47,97.42,17.17,20.83,19.09,92.05,80.83,16.77,311.29
2006/12/14,117.59,231.22,155.29,101.66,97.43,17.2,20.85,19.03,92.51,81.62,16.9,312.99
2006/12/15,118.13,231.59,155.28,102.06,97.23,17.16,20.84,19.06,92.5,81.38,16.93,314.43
2006/12/18,118.1,230.79,154.65,102,96.75,17.08,20.75,18.98,92.28,81.38,17.02,314.35
2006/12/19,118.06,230.09,154.66,102.09,96.61,17.08,20.76,18.95,92.2,81.6,16.81,314.24
2006/12/20,118.28,233.27,156.33,102.75,97.56,17.33,20.98,19.16,92.78,82.49,16.83,314.83
2006/12/21,118.48,232.92,156.17,103.18,97.27,17.36,20.96,19.16,93.09,82.24,17.15,315.36
2006/12/22,118.45,232.49,156.18,102.52,97.41,17.4,20.96,19.15,92.98,82.62,16.97,315.28
2006/12/25,118.78,232.64,155.89,102.53,97.35,17.3,20.92,19,93.04,83.15,16.85,316.16
2006/12/26,119.01,233.2,156.34,102.68,97.59,17.37,20.98,19.09,93.51,83.69,16.97,316.77
2006/12/27,119.1,232.89,156.19,102.45,97.47,17.31,20.96,19.06,93.21,83.48,16.94,317.01
2006/12/28,118.92,232.73,155.93,102.33,96.93,17.25,20.92,18.94,93.35,83.48,16.82,316.53
2006/12/29,119.12,233.68,156.55,102.59,97.43,17.3,21,18.97,94.2,84.03,17.1,317.06
2007/1/4,119.43,232.95,157.13,101.84,97.37,17.42,21.09,19.06,94.52,84.25,17.1,317.8
2007/1/5,118.7,230.36,155.21,100.8,96.23,17.1,20.84,18.77,92.79,82.25,16.78,315.86
2007/1/9,118.82,230.82,154.93,101.25,96.23,17,20.8,18.75,92.92,82.31,16.51,316.18
2007/1/10,119.43,231.23,154.9,101.48,96.01,16.99,20.79,18.75,93.17,82.54,16.41,317.8
2007/1/11,119.67,231.35,154.88,101.91,96.03,16.96,20.79,18.57,93.58,82.43,16.42,318.53
2007/1/12,120.67,234.62,155.48,102.53,96.52,17.01,20.87,18.6,94.11,83.2,16.63,321.1
2007/1/15,120.14,235.14,155.2,102.67,96.27,17.12,20.81,18.64,94.31,83.09,16.72,319.69
2007/1/16,120.61,236.77,155.94,103.19,96.52,17.19,20.93,18.73,94.39,83.87,16.72,320.94
2007/1/17,120.89,237.15,156.19,102.82,96.85,17.27,20.97,18.78,94.67,83.58,16.71,321.77
2007/1/18,120.72,237.77,156.14,102.97,96.73,17.2,20.96,18.76,95.02,83.6,16.83,321.23
2007/1/19,121.42,239.65,157.38,103.37,97.34,17.26,21.13,18.8,95.75,84.29,16.98,323.1
2007/1/22,121.37,239.63,157.37,103.45,97.26,17.3,21.13,18.85,95.94,84.42,16.98,323.05
2007/1/23,121.65,240.67,157.48,103.02,97.35,17.27,21.13,18.82,95.93,85.09,17.07,323.71
2007/1/24,121.79,241.51,158.64,103.08,98,17.47,21.29,19.06,95.78,85.3,17.17,324.08
2007/1/25,121.03,238.21,156.77,102.69,96.89,17.24,21.04,19.07,94.32,84.58,17,322.06
2007/1/26,121.57,238.93,157.23,102.71,97.37,17.32,21.1,19.18,94.01,84.83,16.78,323.5
2007/1/29,121.73,238.46,157.07,103.12,97.03,17.29,21.08,19.22,94.13,84.66,16.79,323.92
2007/1/30,121.65,238.57,157.5,102.92,97.06,17.42,21.14,19.3,93.94,84.69,16.61,323.8
2007/1/31,121.73,238.9,157.73,103.15,97.24,17.44,21.17,19.39,93.98,83.65,16.73,323.92
2007/2/1,120.95,237.55,157.48,102.86,97.13,17.41,21.13,19.38,93.8,83.31,16.81,321.85
2007/2/2,120.85,237.84,157.32,102.44,97.15,17.36,21.12,19.37,93.36,82.54,16.88,321.58
2007/2/5,121.1,238.03,156.86,102.14,97.02,17.29,21.06,19.33,93.61,82.91,16.87,322.33
2007/2/6,120.17,235.65,155.39,101.71,96.27,17.02,20.86,19.15,93.25,82.21,16.71,319.77
2007/2/7,120.21,236.73,155.98,101.62,96.9,17.11,20.94,19.27,93.38,81.75,16.8,319.88
2007/2/8,120.75,238,157.19,101.85,97.25,17.24,21.08,19.36,94.25,83.17,16.74,320.89
2007/2/9,121.31,237.54,158.12,102.58,97.3,17.41,21.23,19.54,94.85,83.17,17,322.89
2007/2/13,121.75,237.16,157.74,103.51,97.08,17.28,21.17,19.47,93.87,83.22,16.67,323.98
2007/2/14,121.31,236.13,158.15,103.89,97.34,17.29,21.23,19.52,94.55,83.66,16.8,322.8
2007/2/15,120.34,236.17,158.07,103.28,97.03,17.3,21.21,19.55,94.23,83.29,16.76,320.31
2007/2/16,119.59,233.42,157,102.71,96.82,16.99,21.07,19.53,93.79,83.04,16.65,318.31
2007/2/19,119.42,233.18,157.01,102.59,96.78,16.99,21.07,19.54,94.1,83.69,16.84,317.78
2007/2/20,119.76,233.56,157.47,102.74,97.06,17.06,21.13,19.58,94.1,83.87,16.86,318.68
2007/2/21,120.34,235.43,158.15,102.82,97.34,17.09,21.22,19.64,94.85,84.43,16.88,320.31
2007/2/22,121.13,236.58,159.08,104.32,97.79,17.12,21.35,19.75,95.89,85.58,17.08,322.41
2007/2/23,121.55,237.78,159.5,104.65,98.12,17.16,21.4,19.8,95.9,85.6,17.2,323.53
2007/2/26,120.94,237.59,159.48,104.29,98.29,17.17,21.4,19.79,95.86,85.72,17.09,321.91
2007/2/27,120.53,236.6,158.89,103.86,98,17.16,21.33,19.75,95.7,85.62,17.04,320.81
2007/2/28,118.42,232.53,156.67,101.4,97.25,16.95,21.03,19.37,93.21,82.83,16.37,315.2
2007/3/1,118.88,233.43,157.17,101.52,97.47,17,21.12,19.4,93.55,83.44,16.47,316.42
2007/3/2,117.78,230.48,155.09,100.34,96.23,16.68,20.82,19.14,92.47,81.67,16.23,313.49
2007/3/5,115.64,222.88,152.3,98.22,95.04,16.41,20.46,18.78,90.01,79.03,15.55,307.8
2007/3/6,115.9,222.88,151.79,98.24,94.98,16.32,20.4,18.5,89.47,78.52,15.54,308.49
2007/3/7,116.82,226.09,153.44,99.35,95.44,16.59,20.61,18.84,90.84,79.92,15.84,310.94
2007/3/8,115.86,223.45,152.56,98.34,95.18,16.43,20.49,18.71,89.94,78.63,15.55,308.38
2007/3/9,117.42,226.69,154.21,99.53,95.59,16.6,20.72,18.96,91.53,80.9,15.98,312.54
2007/3/12,118.19,228.57,155.01,100.71,95.79,16.67,20.82,19.18,92.22,81.82,16.18,314.59
2007/3/13,117.8,227.41,155.25,100.59,96.08,16.71,20.85,19.21,92.53,82.04,16.09,313.55
2007/3/14,116.24,224.4,153.36,99.03,95.52,16.54,20.6,18.91,90.96,79.81,15.57,309.4
2007/3/15,117.27,227.29,155.04,99.71,96.34,16.71,20.83,19.14,92.17,81.3,15.75,312.14
2007/3/16,117.18,227.02,155.73,99.57,96.65,16.83,20.91,19.16,92.55,81.4,15.84,311.9
2007/3/19,116.78,226.82,155.57,99.33,96.85,16.8,20.88,19.1,93,81.37,15.66,310.83
2007/3/20,117.88,229.35,156.86,100.08,97.23,16.9,21.07,19.24,94.36,82.88,15.91,313.76
2007/3/22,117.59,231.43,157.45,101.67,97.26,16.95,21.15,19.26,94.86,83.45,16.19,312.99
2007/3/23,118.08,231.96,157.29,101.95,97.19,16.93,21.12,19.39,95.2,84,16.42,314.29
2007/3/26,118.02,231.32,156.62,101.54,96.77,16.84,21.02,19.31,94.91,83.85,16.43,314.13
2007/3/27,118.23,232.71,157.53,101.83,97.21,16.94,21.16,19.42,95.73,84.74,16.43,314.69
2007/3/28,117.88,231.75,157.38,101.88,97.29,16.91,21.14,19.37,95.19,84.57,16.25,313.76
2007/3/29,116.76,229.28,155.42,100.68,95.91,16.63,20.87,19.18,94.12,83.07,15.97,310.78
2007/3/30,118.09,231.85,157.35,101.85,96.97,16.87,21.13,19.39,95.36,84.21,16.3,314.32
2007/4/2,118,232.15,157.41,102.31,96.94,16.88,21.14,19.38,95.5,84.3,16.31,314.08
2007/4/3,117.82,233.07,157.48,101.88,96.96,16.8,21.14,19.3,96.19,85.16,16.22,313.6
2007/4/4,118.9,234.72,158.54,102.6,97.28,16.94,21.28,19.42,96.14,85.43,16.56,316.48
2007/4/5,118.73,234.66,158.74,102.48,97.32,17.09,21.31,19.43,97.32,85.64,16.64,316.02
2007/4/6,118.84,234.23,159.51,103.2,97.75,17.17,21.41,19.55,97.27,85.98,16.7,316.32
2007/4/9,119.42,234.55,159.58,103.67,97.62,17.16,21.39,19.55,97.41,86.09,16.78,317.94
2007/4/10,119.21,234.14,159.37,103.44,97.28,17.19,21.39,19.56,97.7,86.2,16.76,317.3
2007/4/11,119.28,235.24,160.07,103.96,97.91,17.29,21.46,19.78,98.36,86.9,16.66,317.49
2007/4/12,119.39,235.8,160.4,104.64,97.62,17.32,21.52,19.8,98.43,86.88,16.75,317.78
2007/4/13,118.98,235.54,160.6,104.89,97.84,17.31,21.55,19.84,98.93,87.43,16.65,316.69
2007/4/16,119.23,236.96,161.69,104.88,98.27,17.42,21.7,19.98,99.4,88.15,16.64,317.35
2007/4/17,119.64,238.04,161.9,105.73,98.53,17.57,21.73,20.05,99.58,88.53,16.86,318.45
2007/4/18,118.77,238.53,161.33,105.01,98.39,17.53,21.65,19.93,99.36,88.9,16.95,316.13
2007/4/19,118.4,237.49,161.05,104.85,98.35,17.5,21.62,19.87,98.85,88.07,16.78,315.15
2007/4/20,118.74,237.94,161.74,105.22,98.55,17.6,21.71,19.99,99.28,88.51,16.79,316.05
2007/4/23,119,238.4,161.76,105.94,98.53,17.59,21.72,19.98,99.57,88.92,16.96,316.74
2007/4/24,118.41,236.91,160.69,105.53,97.92,17.47,21.58,19.84,98.62,88.14,16.7,315.17
2007/4/25,118.54,237.29,161.52,105.64,98.6,17.56,21.68,19.94,98.31,88.21,16.93,315.52
2007/4/26,118.71,237.72,161.91,106.5,98.46,17.66,21.74,19.91,98.97,88.58,17.1,315.97
2007/4/27,119.78,238.43,162.88,106.7,99.09,17.81,21.87,20.03,98.97,88.46,17.07,318.82
2007/5/1,119.59,239.16,163.14,107.7,99.07,17.83,21.89,20.06,99.21,88.62,17.02,318.31
2007/5/2,119.98,239.76,163.11,107.91,98.75,17.85,21.9,20.07,99.24,88.8,17.09,319.35
2007/5/7,120.11,239.52,163.36,108.48,99.24,17.79,21.93,20.1,98.87,88.45,17.38,319.7
2007/5/8,120.14,239.41,163.34,109.01,99.06,17.81,21.93,20.09,99.18,88.62,17.47,319.78
2007/5/9,119.77,238.29,162.22,108.23,98.32,17.65,21.78,19.96,99.18,88.11,17.34,318.79
2007/5/10,120.21,239.61,162.63,108.63,98.63,17.68,21.82,20,99.57,88.21,17.42,319.96
2007/5/11,119.97,237.48,161.52,107.94,98.22,17.49,21.68,19.75,99.1,87.22,17.08,319.32
2007/5/14,120.22,238.35,162.67,108.15,98.68,17.61,21.85,19.91,100.18,88.6,17.36,319.99
2007/5/15,120.58,238.66,163.29,108.98,98.92,17.74,21.92,19.91,100.33,88.92,17.38,320.95
2007/5/16,120.3,238.88,163.5,109.52,98.99,17.79,21.95,20.01,100.33,88.76,17.43,320.2
2007/5/17,120.88,239.08,163.49,109.59,98.87,17.75,21.95,19.98,99.93,88.79,17.38,321.75
2007/5/18,121.44,239.82,163.85,110.48,98.92,17.76,21.99,20.05,99.95,88.59,17.28,323.24
2007/5/21,121.28,239.52,163.98,111.29,98.75,17.79,22.01,20.06,99.85,88.57,17.24,322.81
2007/5/22,121.46,239.51,163.45,111.87,98.72,17.7,21.94,20.03,99.76,88.61,17.36,323.29
2007/5/23,121.7,240.35,163.65,111.97,98.99,17.83,21.97,20.11,99.93,88.51,17.25,323.93
2007/5/24,121.62,241.6,163.6,112.23,99.05,17.81,21.96,20.17,100.03,88.61,17.21,323.72
2007/5/25,121.19,240.54,162.62,111.64,98.65,17.7,21.83,20.04,99.25,87.92,16.98,322.57
2007/5/28,121.68,241.46,163.61,112.61,99.1,17.77,21.97,20.23,99.61,88.36,17.1,323.88
2007/5/29,121.76,241.4,163.67,112.73,99.1,17.77,21.98,20.21,99.61,88.52,17.18,324.09
2007/5/30,121.61,240.89,163.46,113.19,99.22,17.64,21.95,20.15,99.62,88.57,17.06,323.69
2007/5/31,121.67,240.46,163.38,113.21,99.25,17.55,21.94,20.06,100.09,88.72,17.07,323.85
2007/6/1,121.83,241.09,163.87,113.73,99.41,17.61,22.01,20.2,101.02,89.98,17.18,324.27
2007/6/4,122.07,242.02,164.1,114.93,99.18,17.61,22.03,20.27,101.57,90.89,17.25,324.91
2007/6/5,121.79,242.54,164.38,115.1,99.6,17.63,22.08,20.35,101.63,91.03,17.16,324.17
2007/6/6,121.5,242.16,164.17,114.36,99.69,17.6,22.06,20.32,101.85,91.36,16.99,323.4
2007/6/7,121.02,241.11,163.33,114.35,99.42,17.52,21.95,20.21,101.97,91.24,16.78,322.12
2007/6/8,121.33,240.12,162.84,114.13,98.96,17.48,21.86,20.21,102.26,91.42,16.74,322.94
2007/6/11,121.68,239.24,162.39,114.65,98.35,17.39,21.82,20.01,102.69,92.83,16.88,323.88
2007/6/12,121.75,240.13,162.61,114.97,98.3,17.41,21.85,20.08,102.79,91.53,16.92,324.06
2007/6/13,121.7,240.22,161.76,114.07,97.85,17.2,21.73,19.94,102.39,91.23,16.72,323.93
2007/6/14,122.8,242.3,163.37,115.01,98.64,17.39,21.95,20.17,103.2,91.96,17.01,326.86
2007/6/15,123.15,242.52,163.92,115.37,98.84,17.38,22.02,20.23,103.01,92.65,17.15,327.79
2007/6/18,123.54,244.25,165.42,115.75,99.52,17.55,22.23,20.49,103.97,93.03,17.38,328.83
2007/6/19,123.72,245.52,166.11,115.56,99.72,17.63,22.32,20.55,104.33,93.36,17.47,329.31
2007/6/20,123.45,245.43,165.77,116.18,99.56,17.61,22.28,20.54,104.55,93.72,17.48,328.59
2007/6/21,123.68,246.25,165.52,115.91,99.76,17.87,22.25,20.61,104.37,94.11,17.28,329.2
2007/6/22,123.95,246.9,165.92,115.42,99.79,17.97,22.3,20.75,105.01,94.66,17.38,329.92
2007/6/25,123.92,247.79,166.93,115.88,100.88,18.05,22.44,20.9,105.27,95.07,17.31,329.84
2007/6/26,123.43,246.58,166.08,115.27,100.45,17.95,22.33,20.73,104.41,94.41,17.25,328.53
2007/6/27,123.04,245.8,165.4,114.9,100.13,17.82,22.24,20.61,103.78,94.14,17.07,327.5
2007/6/28,123.09,246.13,165.57,115.01,100.09,17.88,22.26,20.82,103.38,94.08,17.29,327.63
2007/6/29,123.27,246.79,165.64,116.23,100.01,17.95,22.27,20.85,104.47,94.79,17.4,328.11
2007/7/2,123.31,247.71,166.86,115.97,100.89,18.01,22.44,20.9,105,95.38,17.55,328.21
2007/7/3,122.48,247.16,166.83,115.72,101.2,18.04,22.43,21.07,105.21,95.87,17.63,326
2007/7/4,122.46,246.95,166.62,115.41,100.67,18.1,22.4,20.99,104.75,95.7,17.52,325.95
2007/7/5,122.87,247.63,167.19,116.09,100.95,18.24,22.48,21.09,105.36,96.08,17.68,327.04
2007/7/6,123.03,247.52,167.23,116.42,100.99,18.27,22.48,21.13,105.4,96.3,17.58,327.47
2007/7/9,123.51,248.44,168.28,117.73,101.35,18.35,22.6,21.25,105.95,96.39,17.69,328.75
2007/7/10,123.29,248.56,167.97,117.35,101.36,18.28,22.58,21.21,106.04,96.03,17.68,328.16
2007/7/11,121.8,246.83,167.41,115.57,101.24,18.25,22.49,21.02,104.72,94.4,17.4,324.19
2007/7/12,122.37,248.72,168.22,116.05,101.52,18.36,22.62,21.21,105.61,95.66,17.46,325.71
2007/7/13,122.68,248.92,169,117.23,101.89,18.49,22.73,21.37,106.3,96.56,17.69,326.54
2007/7/17,122.04,248.49,168.1,116.92,101.45,18.36,22.6,21.29,106.42,96.64,17.49,324.83
2007/7/18,122.01,249.99,168.51,116.91,101.79,18.39,22.65,21.34,106.83,96.63,17.51,324.75
2007/7/19,122.05,250.43,168.48,116.75,101.62,18.37,22.65,21.31,107.03,96.66,17.61,324.86
2007/7/20,122.3,250.57,168.75,117.2,101.59,18.4,22.69,21.34,107.62,97.11,17.8,325.53
2007/7/23,121.18,249.12,167.63,115.65,100.97,18.26,22.53,21.19,106.69,96.7,17.55,322.72
2007/7/24,120.65,249.03,166.86,115.33,100.27,18.18,22.43,21.08,106.78,97.61,17.77,321.13
2007/7/25,119.99,246.81,165.67,115.63,99.65,17.99,22.27,20.87,105.65,96.41,17.5,319.38
2007/7/26,120.71,247.77,165.48,115.84,99.41,17.97,22.25,20.82,106.84,96.85,17.63,321.29
2007/7/27,118.97,243.63,163.48,112.85,98.77,17.68,21.98,20.4,104.05,93.31,16.86,316.66
2007/7/30,118.54,239.82,161.55,111.27,98.19,17.57,21.72,20.13,100.97,90.43,16.65,315.52
2007/7/31,118.92,241.61,163.04,111.58,98.97,17.74,21.92,20.4,102.15,91.53,16.76,316.53
2007/8/1,118.59,240.6,162.02,111.11,98.63,17.59,21.77,20.28,101.09,90.32,16.62,315.65
2007/8/2,118.86,241.2,162.3,112.39,98.68,17.58,21.82,20.37,101.44,90.8,16.69,316.37
2007/8/3,119.34,242.89,163.48,113.25,99.15,17.77,21.98,20.57,102.37,91.69,16.87,317.65
2007/8/6,117.61,240.42,162.51,111.13,99.31,17.56,21.85,20.4,100.59,89.25,16.45,313.04
2007/8/7,118.74,241.29,163.94,112.88,99.77,17.79,22.04,20.55,101.86,90.78,16.87,316.13
2007/8/8,118.99,240.62,163.66,112.73,99.44,17.72,21.98,20.5,102.03,90.66,16.92,316.8
2007/8/9,119.79,244.01,165.32,114.15,100.16,17.9,22.22,20.83,103.39,92.27,17.02,318.93
2007/8/10,117.96,238.44,161.16,111.46,98.55,17.39,21.67,20.27,100.05,88.23,16.5,314.06
2007/8/13,118.28,239.3,162.07,112.25,98.67,17.49,21.77,20.33,100.03,88.14,16.43,314.83
2007/8/14,117.99,237.4,160.61,111.82,97.94,17.24,21.59,20.14,99.08,86.65,16.45,314.05
2007/8/15,117.44,234.08,158.84,109.78,96.93,17.02,21.36,19.92,97.8,84.79,16.02,312.59
2007/8/16,116.58,231.42,156.36,107.73,95.49,16.66,21.01,19.66,95.2,81.65,15.67,310.3
2007/8/17,113.89,225.83,152.81,105.83,93.57,16.31,20.55,19.04,90.2,78.46,15.27,303.14
2007/8/20,114.49,226.53,154.52,107.75,94.85,16.55,20.77,19.29,90.79,79.06,15.52,304.74
2007/8/21,114.71,227.73,154.42,108.44,95.13,16.52,20.77,19.35,91.76,79.59,15.43,305.32
2007/8/22,114.47,226.88,154.03,107.44,94.88,16.43,20.71,19.23,91.59,79.42,15.46,304.68
2007/8/23,116.12,231.67,157.33,109.73,96.26,16.81,21.16,19.66,94.56,82.72,16.08,309.08
2007/8/24,116.3,233.19,157.74,110.38,96.31,16.84,21.2,19.86,95.44,83.41,15.96,309.56
2007/8/27,116.61,235.38,159.53,110.94,97.13,17.05,21.44,20.08,96.83,84.68,16.31,310.38
2007/8/28,115.5,231.7,157.37,109.38,96.04,16.8,21.16,19.78,95.16,82.16,15.93,307.43
2007/8/29,114.07,228,154.77,107.17,94.84,16.47,20.8,19.43,92.25,78.96,15.63,303.62
2007/8/30,115.75,233.13,158,109.12,96.34,16.88,21.22,19.85,94.73,81.34,16.13,308.09
2007/8/31,116.07,233.67,158.55,109.67,96.52,16.87,21.3,19.97,94.77,81.42,16.26,309.03
2007/9/3,115.73,233.14,157.71,109.71,95.87,16.81,21.19,19.88,94.86,81.29,16.27,308.04
2007/9/4,116,234.01,157.86,110.19,95.92,16.81,21.21,19.9,95.34,81.42,16.18,308.76
2007/9/5,116.32,234.36,158.43,110.85,96.08,16.87,21.28,20.09,96.3,81.05,16.19,309.61
2007/9/6,115.13,232.44,157.05,109.19,95.54,16.73,21.1,19.91,94.44,79,15.94,306.44
2007/9/7,115.45,233.14,157.94,109.79,96.01,16.91,21.22,20.02,95.71,79.78,16.01,307.37
2007/9/10,112.76,228.74,155.33,106.6,95.07,16.57,20.85,19.6,92.49,77.14,15.55,300.13
2007/9/11,113.57,230.12,156.52,107.87,95.63,16.75,21.03,19.94,93.58,78.65,15.73,302.29
2007/9/12,114.21,231.85,157.95,109.56,96.01,16.92,21.22,20.13,95.14,80.76,15.99,303.99
2007/9/13,114.44,232.07,158.95,110.28,96.51,17.15,21.35,20.36,95.96,81.17,16.08,304.6
2007/9/14,115.08,232.28,159.62,111.13,97.1,17.23,21.44,20.34,96.59,81.94,16.12,306.47
2007/9/18,115.03,228.94,159.52,111.86,96.88,17.18,21.42,20.45,95.73,81.02,15.99,306.18
2007/9/19,115.91,233.13,161.83,114.28,98,17.49,21.73,20.83,98.56,83.99,16.27,308.52
2007/9/20,116.02,232.26,162.1,114.41,98.09,17.61,21.77,20.82,99.63,85.54,16.36,308.81
2007/9/21,115.11,231.41,161.99,115.1,98.23,17.61,21.75,20.86,100.1,85.73,16.38,306.39
2007/9/25,114.69,230.93,161.35,114.1,97.74,17.59,21.65,20.79,99.18,85.25,16.5,305.27
2007/9/26,114.68,231.37,162.16,114.26,98.34,17.65,21.77,20.84,100.1,85.29,16.46,305.41
2007/9/27,115.5,232.81,163.11,114.93,98.69,17.63,21.89,21,101.14,86.09,16.68,307.59
2007/9/28,115.43,234.17,163.36,115.25,98.45,17.75,21.94,21.26,101.64,87.2,16.75,307.32
2007/10/1,114.93,235.12,163.99,115.67,98.69,17.86,22.01,21.36,102.18,87.52,16.79,305.99
2007/10/2,115.76,236.6,164.77,116.67,99.13,17.97,22.12,21.55,103.26,88.68,16.94,308.2
2007/10/3,115.7,236.14,163.74,115.93,98.43,17.76,21.98,21.29,102.31,87.78,16.75,308.04
2007/10/4,116.84,237.5,164.65,117.05,98.98,17.91,22.1,21.41,103.34,88.07,16.88,311.08
2007/10/5,116.55,237.73,164.76,116.82,99.18,17.89,22.12,21.45,103.64,88.17,16.96,310.3
2007/10/9,117.36,238.85,164.82,118.89,98.93,17.99,22.13,21.5,105.17,89.78,17.22,312.63
2007/10/10,117.3,239.22,165.45,119.38,99.12,18.09,22.21,21.61,105.53,89.66,17.21,312.38
2007/10/11,117.17,238.92,165.68,119.26,98.98,18.15,22.25,21.56,105.34,89.45,17.11,312.04
2007/10/12,117.46,238.83,166.76,120.23,99.41,18.31,22.4,21.8,105.95,90.63,17.55,312.81
2007/10/15,117.73,239.23,166.75,120.91,99.34,18.33,22.39,21.74,106.58,91.08,17.5,313.45
2007/10/16,117.25,239.38,166.46,119.99,99.27,18.23,22.35,21.76,105.3,89.33,17.19,312.08
2007/10/17,116.74,237.12,165.48,119.12,98.74,18.07,22.21,21.55,103.55,86.98,17.07,310.89
2007/10/18,116.59,237.9,165.65,119.6,98.86,18.11,22.23,21.61,103.88,87.45,17.04,310.91
2007/10/19,115.38,235.96,164.81,118.42,98.63,17.99,22.12,21.51,103.09,86.66,16.94,307.19
2007/10/22,113.88,233.57,163.26,117.77,98.01,17.8,21.91,21.29,100.93,84.43,16.66,303.28
2007/10/23,114.41,232.84,162.34,117.09,97.24,17.63,21.79,21.06,101.53,85.65,16.85,304.61
2007/10/24,114.77,235.2,163.52,118.65,97.75,17.83,21.94,21.23,103.1,86.75,17.23,305.48
2007/10/25,114.08,233.67,162.56,117.63,97.22,17.64,21.82,21,102.89,86.05,17.12,303.81
2007/10/26,114.22,234.44,163.59,118.17,97.93,17.78,21.96,21.22,103.84,87.16,17.4,304.1
2007/10/29,114.19,234.45,164.47,118.74,98.17,17.89,22.08,21.27,105.17,87.87,17.5,304.1
2007/10/30,114.55,235.85,164.81,119.94,98.18,17.9,22.13,21.43,105.39,88.03,17.45,305.06
2007/10/31,114.77,237.51,165.65,120.28,99.04,18.01,22.24,21.45,105.83,87.88,17.53,305.48
2007/11/1,115.52,240.27,167.17,122,99.58,18.19,22.44,21.53,107.66,89.23,17.74,307.64
2007/11/2,114.72,238.53,165.54,120.72,99.11,17.83,22.22,21.15,105.19,87.35,17.33,305.35
2007/11/5,114.64,239.48,166.27,122.41,99.48,17.98,22.32,21.23,105.39,87.58,17.54,305.22
2007/11/6,114.48,238.3,165.81,122.73,99.31,17.88,22.25,21.29,105.57,88.31,17.37,304.87
2007/11/7,114.78,239.59,167.07,124.98,100.28,18.09,22.43,21.53,106.96,89.85,17.58,305.67
2007/11/8,112.91,237.37,165.36,121.57,99.69,17.89,22.18,21.31,104.67,87.38,17.26,300.69
2007/11/9,112.88,238.03,165.87,121.18,100.28,17.95,22.24,21.48,104.87,87.93,17.41,300.61
2007/11/12,110.52,230.36,161.79,116.96,98.27,17.48,21.7,20.76,99.98,83.88,16.64,294.17
2007/11/13,109.98,226.16,160.1,113.96,97.47,17.24,21.49,20.26,97.22,82.4,16.16,293.12
2007/11/14,111.28,230.94,162.82,116.27,98.88,17.62,21.86,20.55,100.34,85.06,16.71,296.59
2007/11/15,111.51,229.06,163.28,115.66,99.2,17.71,21.93,20.61,99.96,84.93,16.89,297.76
2007/11/16,110.63,226.07,161.81,112.42,98.64,17.46,21.72,20.18,97.94,83.44,16.45,295.41
2007/11/19,111.03,228.29,163.01,113.98,99.44,17.62,21.88,20.34,99.78,84.47,16.62,296.48
2007/11/20,110.04,225.45,161.37,111.85,98.67,17.4,21.66,20.01,97.12,82.97,16.25,294.38
2007/11/21,109.85,226.99,162.82,112,99.27,17.54,21.86,20.44,97.77,83.83,16.46,293.87
2007/11/22,108.54,223.79,161.19,110.03,98.47,17.3,21.63,20.11,94.6,81.59,15.95,290.52
2007/11/26,108.68,224.14,161.18,110.23,98.49,17.37,21.64,20.12,95.81,82.71,15.99,291.13
2007/11/27,107.37,222.25,159.53,108.74,97.78,17.21,21.41,19.82,93.64,80.8,15.31,287.55
2007/11/28,108.5,224.28,160.91,108.87,98.17,17.29,21.59,19.89,95.2,82.51,15.56,290.65
2007/11/29,110.06,228.56,163.19,111.3,99,17.42,21.9,20.23,97.23,84.86,16.08,294.75
2007/11/30,110.14,227.44,162.63,110.35,98.63,17.32,21.82,20.03,97.53,85.04,16.2,295.04
2007/12/3,110.91,228.05,162.47,110.91,98.15,17.39,21.8,20.02,97.94,84.78,16.38,297.03
2007/12/4,110.4,227.82,161.69,110.2,97.78,17.15,21.7,19.92,96.63,84.11,16.24,295.74
2007/12/5,109.98,226.2,162.24,108.52,98.36,17.32,21.77,20.04,95.78,83.82,16.18,294.54
2007/12/6,111.02,225.26,162.2,109.73,98.39,17.26,21.77,20.15,96.7,85.8,16.41,297.32
2007/12/7,111.52,225.97,163.2,110.46,98.7,17.4,21.9,20.36,97.99,86.68,16.63,298.66
2007/12/10,111.62,226.83,163.43,110.72,98.88,17.39,21.9,20.35,97.66,86.39,16.59,298.61
2007/12/11,111.92,229.08,164.66,111.21,99.2,17.48,22.08,20.58,99.15,87.57,16.78,298.69
2007/12/12,110.92,225.96,162.64,109.64,98.07,17.21,21.81,20.34,97.33,86.37,16.32,296.02
2007/12/13,111.99,228.96,164.91,110.52,98.81,17.47,22.11,20.69,98.79,87.9,16.72,300
2007/12/14,112.6,230.02,164.6,110.33,98.56,17.48,22.07,20.74,98.91,88.11,16.77,301.47
2007/12/17,113.34,228.69,163.59,111.29,98.32,17.41,21.93,20.48,98.01,87.12,16.52,303.45
2007/12/18,113.03,228.4,162.8,112.41,98.3,17.23,21.83,20.4,97.05,85.13,16.28,302.62
2007/12/19,113.36,228.42,163.34,112.71,98.44,17.3,21.91,20.38,97.65,85.61,16.34,302.86
2007/12/20,113.38,226.57,163.06,113.09,98.18,17.26,21.87,20.39,97.42,85.82,16.35,302.91
2007/12/21,113.12,224.55,162.1,113.01,97.68,17.16,21.74,20.21,97.24,86.27,16.12,302.22
2007/12/25,114.13,225.6,164.24,115.68,98.69,17.33,22,20.48,99.18,87.45,16.31,304.92
2007/12/26,114.19,226.23,164.39,115.82,98.61,17.34,22.05,20.56,99.44,87.44,16.43,305.08
2007/12/27,114.48,227.27,165.77,116.54,99.4,17.54,22.23,20.7,99.95,87.99,16.38,305.85
2007/12/28,114.15,228.05,166.64,116.34,100.1,17.62,22.37,20.91,100.16,88.24,16.58,304.97
2008/1/4,109.3,215.53,161.14,110.31,98.37,17.22,21.63,20.45,96.17,84.23,16.01,291.78
2008/1/7,108.91,214.76,160.54,108.84,98.27,17.13,21.57,20.41,95.13,83.72,15.92,290.97
2008/1/8,109.21,215.07,160.4,108.66,97.67,17.1,21.54,20.34,95.43,83.95,15.83,291.77
2008/1/9,109.08,215.18,160.49,108.63,98.12,17.06,21.56,20.32,96.4,83.93,15.79,291.42
2008/1/10,110.13,215.68,161.6,108.93,98.72,17.18,21.71,20.49,97.35,85.32,16.09,294.47
2008/1/11,109.77,215.31,162.34,108.59,99.35,17.31,21.81,20.78,98.13,86.16,16.17,292.88
2008/1/15,108.06,211.19,160.67,106.15,98.95,17.15,21.6,20.5,97.05,85.22,16.01,288.31
2008/1/16,106.7,209.07,157.91,104.6,97.76,16.77,21.2,20.01,94.26,82.9,15.64,285.29
2008/1/17,107.13,210.33,157.14,104.66,97.44,16.66,21.13,19.82,94.48,82.4,15.4,286.44
2008/1/18,106.79,210.5,156.28,103.66,96.93,16.56,20.98,19.44,93.42,81.66,15.1,285.08
2008/1/21,106.97,208.97,155.75,104,97.01,16.54,20.91,19.47,93.76,81.29,15.09,285.94
2008/1/22,105.93,205.42,152.58,102.28,95.32,16.09,20.49,18.99,90.9,78.71,14.64,283.16
2008/1/23,106.91,209.5,156.51,104.14,97.5,16.5,21.01,19.52,93.32,81.56,15.09,285.47
2008/1/24,106.9,209.08,156.27,104.44,97.85,16.46,20.99,19.41,93.38,81.75,15.17,285.45
2008/1/25,107.16,211.8,158.22,106.44,98.55,16.73,21.24,19.77,94.54,82.75,15.38,286.14
2008/1/28,106.84,211.54,156.68,105.82,97.46,16.52,21.04,19.46,94.03,82.23,14.93,285.29
2008/1/29,106.75,212.04,157.73,106.25,97.93,16.7,21.18,19.58,94.76,83.04,14.84,285.35
2008/1/30,106.94,212.9,157.89,107.07,97.75,16.72,21.19,19.71,94.98,83.16,14.88,285.55
2008/1/31,106.41,211.27,157.83,106.85,98.21,16.73,21.19,19.61,94.45,82.95,14.55,284.52
2008/2/1,106.59,212.44,158.42,106.29,98.55,16.74,21.27,19.72,95.49,83.91,14.29,285
2008/2/4,106.83,210.11,158.17,107.53,98.16,16.79,21.23,19.67,96.67,84.73,14.54,285.64
2008/2/5,106.77,210.76,158.27,107.37,98.06,16.84,21.24,19.76,96.72,84.69,14.37,284.72
2008/2/6,106.66,209.59,156.14,105.82,96.99,16.53,20.96,19.36,95.64,83.48,13.91,284.58
2008/2/7,106.46,208.68,155.72,105.89,97.01,16.54,20.9,19.31,94.96,83.59,13.81,284.04
2008/2/8,107.25,208.48,155.29,106.17,97.18,16.47,20.85,19.33,95.9,84.51,13.93,286.15
2008/2/12,106.95,208.64,155.14,106.72,97.04,16.48,20.82,19.36,96.64,84.23,13.82,285.35
2008/2/13,107.38,210.23,156.53,107.34,97.41,16.66,21.01,19.59,97.06,84.86,13.89,286.5
2008/2/14,108.27,212.6,157.65,108.56,97.74,16.9,21.16,19.82,97.64,85.21,14.06,289.88
2008/2/15,107.99,212.66,158.05,108,98.4,16.95,21.21,19.98,97.4,84.87,14.09,288.59
2008/2/18,107.9,211.45,158.26,107.06,98.57,17.05,21.24,20.06,98.47,85.62,14.15,288.66
2008/2/19,108.23,211.03,158.57,107.37,98.23,17.04,21.28,20.1,99.47,86.22,14.24,288.84
2008/2/20,107.95,210.21,159,106.33,98.64,17.08,21.34,20.24,99.09,86.09,14.09,288.1
2008/2/21,108.12,210.03,159.09,106.76,98.35,17.1,21.36,20.26,99.35,86.3,13.79,288.55
2008/2/22,107.57,211.26,159.27,106.36,98.69,17.1,21.38,20.23,98.89,86.17,13.82,286.4
2008/2/25,107.45,211.44,159.28,106.14,98.87,17.13,21.38,20.25,99.08,86.74,13.99,286.76
2008/2/26,108.04,212.45,160.16,108.41,99.14,17.22,21.5,20.37,100.29,87.92,14.12,288.11
2008/2/27,107.3,213.09,160.84,109.34,99.68,17.3,21.59,20.5,100.09,87.4,14.26,285.9
2008/2/28,106.31,210.93,160.7,108.4,100.06,17.18,21.58,20.43,100.32,86.82,14.29,283.04
2008/2/29,104.77,208.28,158.94,107.17,99.59,16.96,21.34,20.23,98.91,85.03,13.79,279.16
2008/3/3,103.09,204.74,156.85,104.61,99.75,16.75,21.07,19.85,96.23,82.28,12.91,274.54
2008/3/4,103.33,205.14,157.1,104.34,99.35,16.81,21.09,19.98,96.87,83.18,13.28,275.18
2008/3/5,103.43,205.3,157.24,103.94,99.58,16.82,21.11,20.07,95.66,82.61,13.08,275.45
2008/3/6,103.79,206.74,158.67,105.27,100.18,17,21.31,20.23,97.02,83.37,13.31,276.33
2008/3/7,102.88,206.96,158.18,104.46,100.57,16.85,21.24,20.07,95.6,82.03,12.85,273.98
2008/3/10,102.32,206.67,157.39,103.48,100.19,16.76,21.1,19.86,95.28,81.26,12.7,272.42
2008/3/11,101.66,204.19,155.95,101.94,99.75,16.59,20.93,19.78,93.25,80.25,12.65,270.37
2008/3/12,103.09,206.93,158.28,103.84,100.14,16.87,21.24,20.06,95.74,82.76,13.23,273.81
2008/3/13,101.71,206.12,157.9,102.71,100.06,16.73,21.19,20.01,95.38,81.94,12.99,270.15
2008/3/14,101.07,205.22,157.67,102.56,99.75,16.74,21.15,19.84,95.5,82.54,12.79,268.45
2008/3/17,97.53,196.56,153.98,98.3,99.29,16.28,20.66,19.19,91.22,79.58,12.09,258.98
2008/3/18,97.04,193.99,152.81,97.48,98.67,16.15,20.5,18.97,89.27,77.6,11.92,257.74
2008/3/19,99.72,200.62,156.3,100.59,99.88,16.6,20.96,19.47,92.85,81,12.61,265
2008/3/21,99.56,197.56,153.42,97.23,98.67,16.31,20.58,18.92,89.63,78.85,12.21,264.44
2008/3/24,99.86,197.58,153.82,97.2,98.48,16.34,20.63,18.94,89.9,78.99,12.25,265.16
2008/3/25,100.72,200.32,155.48,98.89,98.83,16.49,20.85,19.16,91.62,80.67,12.4,267.45
2008/3/26,99.86,200.14,156.17,98.16,99.11,16.6,20.94,19.32,91.53,80.51,12.46,265.23
2008/3/27,98.83,198.59,156.44,97.2,99.78,16.61,20.98,19.51,90.88,79.43,12.24,262.5
2008/3/28,99.4,199.5,156.89,97.58,100.09,16.71,21.04,19.57,91.45,79.98,12.52,263.94
2008/3/31,100.2,200.18,158.18,97.88,100.55,16.83,21.22,19.64,91.76,79.45,12.39,266.06
2008/4/1,99.85,198.03,157.51,97.68,100.51,16.81,21.13,19.59,91.2,78.47,12.25,265.14
2008/4/2,101.92,201.58,159.04,99.61,100.7,16.95,21.34,19.64,92.62,80.27,12.8,270.63
2008/4/3,102.32,203.27,160.21,100.85,101.34,17.12,21.49,19.95,93.62,80.63,13.1,271.62
2008/4/4,102.54,204.58,160.55,101.96,101.31,17.17,21.54,20.02,93.43,80.39,13.2,272.21
2008/4/7,102.12,203.35,160.4,101.31,101.31,17.13,21.52,20.13,94.01,80.45,13.08,271.09
2008/4/8,102.42,203.85,161.62,101.16,101.55,17.26,21.67,20.34,94.97,81.68,13.16,271.96
2008/4/9,102.64,201.97,161.23,101.25,101.17,17.22,21.63,20.28,95.57,81.75,13.3,272.54
2008/4/10,101.41,200.45,160.63,99.5,101.51,17.13,21.52,20.26,94.54,81.09,12.95,269.21
2008/4/11,101.94,201.44,160.72,100.14,101.25,17.13,21.55,20.26,95.07,81.5,13.06,270.61
2008/4/14,101.46,199.58,159.13,98.82,100.79,16.9,21.32,20.06,93.61,79.81,13.02,269.34
2008/4/15,101.15,199.68,160.13,99.18,101.25,17.05,21.48,20.21,93.72,79.98,12.84,268.52
2008/4/16,101.88,200.03,160.9,100.16,101.07,17.16,21.58,20.35,94.41,80,12.87,270.53
2008/4/17,101.93,200.9,162.32,101.73,101.98,17.29,21.77,20.52,95.55,80.66,12.94,270.59
2008/4/18,102.59,204.24,163.07,101.78,101.98,17.32,21.86,20.6,96.23,81.18,13.2,272.41
2008/4/21,104,207.77,164.55,103.39,102.11,17.47,22.06,20.61,97.09,82.17,13.31,276.16
2008/4/22,103.14,204.53,164.05,102.49,102.27,17.51,22,20.64,97.31,82.05,13.31,273.87
2008/4/23,103.03,205.78,164.63,102.25,102.66,17.64,22.07,20.78,97.52,82.27,13.49,273.58
2008/4/24,103.38,204.63,164.14,101.65,101.76,17.6,22.01,20.67,98.09,82.21,13.5,274.44
2008/4/25,104.38,206.24,163.8,102.9,100.85,17.58,21.96,20.53,98.15,82.21,13.64,277.09
2008/4/28,104.74,207.66,163.62,103.88,101.14,17.49,21.94,20.5,97.86,82.12,13.73,278.12
2008/4/30,104.15,205.1,162.15,102.74,100.37,17.35,21.75,20.26,97.09,80.61,13.75,276.48
2008/5/1,103.89,206.42,162.38,103.16,100.4,17.41,21.78,20.48,98.05,81.38,13.78,275.86
2008/5/2,104.7,207.23,162.01,102.8,99.88,17.33,21.72,20.37,97.72,81.41,13.83,277.94
2008/5/7,104.88,206.76,162.7,104.64,99.68,17.44,21.81,20.72,99.53,82.86,14.01,278.49
2008/5/8,104.86,204.8,160.98,103.63,99.16,17.26,21.58,20.49,98.38,81.14,13.68,278.44
2008/5/9,103.83,203.16,159.87,102.15,98.86,17.22,21.45,20.33,98.05,80.19,13.7,275.63
2008/5/12,102.91,200.83,159.26,102.2,98.71,17.16,21.34,20.26,96.88,78.93,13.35,273.19
2008/5/13,103.93,203.09,161.31,103.36,99.44,17.37,21.63,20.55,98.37,79.89,13.68,275.97
2008/5/14,104.86,204.05,162.16,104.42,99.63,17.45,21.74,20.68,98.76,80.04,13.84,278.44
2008/5/15,105.32,205.02,162.89,104.86,99.83,17.5,21.84,20.73,98.25,79.71,13.83,279.66
2008/5/16,104.78,204.15,161.98,104.74,99.17,17.39,21.72,20.59,98.68,80.02,13.92,278.15
2008/5/19,104.14,203.86,162.27,104.22,99.31,17.4,21.76,20.72,99.38,80.36,13.91,276.45
2008/5/20,104.31,203.54,161.98,105.17,99.17,17.45,21.73,20.77,99.55,80.62,13.79,276.98
2008/5/21,103.53,203.73,162.23,104.45,99.89,17.44,21.76,20.65,99.06,80.05,13.53,274.91
2008/5/22,102.88,203.11,162.54,104.66,100.46,17.47,21.81,20.73,99.22,80.14,13.36,273.18
2008/5/23,104.17,206.24,163.83,105.61,100.99,17.6,21.97,20.78,99.74,81.85,13.69,276.61
2008/5/26,103.19,204.56,162.84,104.39,100.75,17.49,21.84,20.61,99.06,81.12,13.41,274
2008/5/27,103.39,204.88,163.24,104.34,101.01,17.53,21.89,20.66,99.39,81.62,13.43,274.54
2008/5/28,104.16,205.78,163.28,104.75,100.74,17.55,21.9,20.76,99.73,82.12,13.45,276.58
2008/5/29,104.81,207.74,164.03,105.95,100.99,17.57,22,20.84,101.03,82.52,13.68,278.31
2008/5/30,105.75,209.07,164.06,106.87,100.77,17.6,22.01,20.81,101.08,82.51,13.97,280.8
2008/6/2,105.31,208.02,163.77,105.71,101.06,17.56,21.97,20.66,100.6,82.53,13.88,279.63
2008/6/3,104.42,205.1,162.24,104.22,100.68,17.32,21.76,20.37,99.61,81.91,13.56,277.27
2008/6/4,105.17,206.42,162.46,104.16,100.89,17.41,21.79,20.37,99.89,81.98,13.57,279.26
2008/6/5,105.43,205.99,162.67,103.81,101.11,17.42,21.82,20.42,100.94,81.15,13.53,279.95
2008/6/6,106.07,207.83,165.31,104.28,102.08,17.75,22.18,20.8,101.98,81.4,13.58,281.58
2008/6/9,105.1,206.92,165.74,103.17,102.99,17.76,22.2,20.9,101.05,80.72,13.34,279.45
2008/6/10,106.78,210.75,166.37,104.33,103.53,17.83,22.31,20.95,101.31,80.88,13.55,283.91
2008/6/11,107.45,209.91,166.16,105.12,103.01,17.75,22.29,20.79,101.56,81.03,13.49,285.32
2008/6/12,107.06,210.07,166.34,104.89,103.73,17.75,22.32,20.78,101.39,80.91,13.4,284.2
2008/6/13,107.95,210.15,166.7,105.63,103.67,17.75,22.36,20.79,101.29,81.05,13.28,286.64
2008/6/16,108.29,211.14,166.61,105.15,103.3,17.79,22.35,20.71,101.57,81.31,13.33,287.62
2008/6/17,108.3,212.55,167.49,105.77,103.64,17.95,22.47,20.88,102.02,81.66,13.38,287.65
2008/6/18,107.92,211.21,167.46,106.01,103.62,17.88,22.46,20.81,101.95,81.65,13.5,286.56
2008/6/19,107.75,211.3,167.89,105.93,104.3,17.9,22.52,20.92,101.92,81.77,13.45,286.11
2008/6/20,108.03,212.97,167.45,106.32,103.44,17.84,22.47,20.85,102.6,82.26,13.59,286.86
2008/6/23,107.37,212.15,167.7,105.85,103.66,17.81,22.5,20.86,102.59,81.99,13.47,285.03
2008/6/24,108,212.14,167.61,106.25,103.27,17.85,22.48,20.98,102.79,81.84,13.4,286.78
2008/6/25,107.82,212.5,167.89,106.5,103.51,17.84,22.52,21.06,103.16,81.87,13.45,286.22
2008/6/26,108.01,213.19,169.21,106.94,104.31,18.01,22.71,21.32,103.62,81.89,13.74,286.73
2008/6/27,106.96,212.6,168.43,105.57,104.42,17.91,22.59,21.17,102.26,80.78,13.52,283.94
2008/6/30,106.42,212.31,168.04,105.2,104.44,17.82,22.55,21.01,102.41,81.21,13.43,282.51
2008/7/1,106.26,211.64,167.4,104.16,104.07,17.68,22.46,20.9,101.94,80.9,13.58,282.08
2008/7/2,106.05,211.6,167.63,103.88,104.07,17.76,22.49,20.96,101.29,80.43,13.48,281.75
2008/7/3,106.01,211.13,168.34,104.57,104.55,17.77,22.59,20.98,101.92,80.65,13.54,281.64
2008/7/4,106.71,211.72,167.51,104.89,103.96,17.81,22.49,20.95,102.51,80.76,13.77,283.5
2008/7/7,106.86,211.68,167.34,104.92,104.03,17.85,22.46,21,102.94,81.11,13.81,283.67
2008/7/8,107.09,211.61,168.37,105.25,104.43,17.9,22.59,21.12,102.36,80.7,13.84,284.28
2008/7/9,107.46,211.61,168.36,105.49,103.98,17.87,22.58,20.95,102.37,81,13.87,285.42
2008/7/10,106.93,211.8,168.21,105.67,103.91,17.81,22.56,20.92,102.14,80.99,13.87,284.01
2008/7/11,107.05,211.88,169.1,106.11,104.18,17.88,22.68,21.03,103.04,81.35,13.92,284.33
2008/7/14,106.7,211.81,169.59,105.53,104.66,17.92,22.75,21.06,103.23,81.06,13.86,283.25
2008/7/15,106.11,211.75,168.82,105.48,104.43,17.81,22.64,20.99,103.21,81.11,13.85,281.76
2008/7/16,104.82,210.11,166.77,104.59,103.73,17.61,22.37,20.75,102.88,81.02,13.72,278.26
2008/7/17,105.09,210.19,166.4,105.05,103.35,17.51,22.32,20.65,102.6,81.15,13.8,279.12
2008/7/18,106.49,212.71,168.65,105.8,104.26,17.84,22.62,20.97,103.56,81.36,14.15,282.84
2008/7/22,106.5,213.17,169.62,106.4,104.75,17.96,22.74,21.06,103.95,81.1,14.12,282.72
2008/7/23,107.35,213.79,169.4,106.51,104.17,17.93,22.72,21.05,104.44,81.55,14.36,285.13
2008/7/24,107.92,215.63,169.3,106.8,103.91,17.91,22.7,20.95,103.75,80.43,14.31,286.64
2008/7/25,107.34,213.19,168.26,105.72,103.59,17.78,22.57,20.78,102.65,79.65,14.05,285.02
2008/7/28,108.02,214.88,169.57,105.83,104.04,17.93,22.74,20.96,102.99,80.08,14.24,286.75
2008/7/29,107.42,214.2,169.07,105.13,103.99,17.88,22.67,20.94,102.94,80.19,14.3,285.16
2008/7/30,108.1,214.16,168.47,105.6,103.4,17.8,22.59,20.87,102.8,79.86,14.66,287.04
2008/7/31,108.12,213.99,168.45,105.6,103.17,17.83,22.59,21,102.1,79.3,14.62,287.1
2008/8/1,107.82,213.82,167.97,105.23,102.83,17.81,22.53,20.99,101.16,78.68,14.79,286.3
2008/8/4,107.61,212.62,167.6,104.7,102.67,17.71,22.48,20.97,100.17,78.33,14.91,285.66
2008/8/5,108.26,212.27,168.26,104.17,103.1,17.81,22.56,21.07,100.38,78.68,14.93,287.39
2008/8/6,108.44,212.14,167.78,103.98,102.87,17.77,22.5,20.9,99.53,78.79,14.73,287.87
2008/8/7,109.41,213.29,168.91,104.47,103.41,17.94,22.65,21.03,99.68,78.78,14.75,290.52
2008/8/8,109.59,212.55,167.27,104.03,102.8,17.83,22.4,20.94,98.89,77.72,14.49,290.92
2008/8/11,109.95,210.79,164.45,102.91,101.62,17.49,22.05,20.42,97.59,77.13,14.15,291.88
2008/8/12,110.18,210.53,164.31,103.05,101.39,17.49,22.03,20.52,97.36,76.98,14.09,292.33
2008/8/13,109.04,206.94,162.74,102.21,100.5,17.34,21.83,20.32,94.78,75.38,14.01,289.54
2008/8/14,109.44,204.43,163.13,102.94,100.78,17.39,21.88,20.3,95.39,76.67,13.95,290.6
2008/8/15,109.94,205.14,162.35,103.02,100.22,17.35,21.77,20.33,94.97,76.72,13.98,291.85
2008/8/18,110.19,205.98,162.32,104.14,100.81,17.37,21.78,20.38,96.16,78.18,13.99,292.51
2008/8/19,110.01,204.93,161.46,103.34,100.15,17.25,21.63,20.28,95.15,77.76,14.24,292.04
2008/8/20,109.9,205.22,162.39,103.64,100.59,17.27,21.79,20.4,95.93,78.57,14.23,291.74
2008/8/21,109.68,204.63,162.14,103.55,99.98,17.27,21.75,20.35,95.89,78.23,14.16,291.16
2008/8/22,108.69,203.82,161.74,104.07,99.86,17.3,21.69,20.41,95.53,78.14,14.23,288.53
2008/8/25,110.28,203.31,162.42,104.88,100.07,17.37,21.78,20.44,95.06,77.82,14.37,292.75
2008/8/26,109.46,202.12,160.99,104,99.62,17.2,21.6,20.33,93.92,76.24,14.09,290.58
2008/8/27,109.31,201.52,160.61,104.58,99.68,17.14,21.55,20.23,93.82,76.41,14.06,290.18
2008/8/28,109.54,200.87,161.59,104.67,100.03,17.2,21.68,20.47,94.27,76.93,14.17,290.79
2008/8/29,109.35,200.13,160.84,103.99,99.68,17.05,21.58,20.31,94.48,76.92,14.17,290.28
2008/9/1,108.64,196.28,159.15,102.34,98.55,16.81,21.33,20.01,92.92,75.74,14.1,288.4
2008/9/2,108.56,194.65,158.26,101.59,98.41,16.73,21.24,19.89,92.31,75.23,14.03,288.19
2008/9/3,108.9,193.97,157.97,101.85,98.35,16.71,21.2,19.77,90.75,74.35,14.01,289.17
2008/9/4,108.33,192.22,157.18,102.18,98.02,16.59,21.1,19.62,90.54,74.23,13.79,287.58
2008/9/5,106.79,187.95,152.45,99.86,96.11,16.1,20.47,19.15,87.22,71.14,13.28,283.49
2008/9/8,108.51,193.6,155.77,102.68,97.06,16.48,20.9,19.5,89.98,73.81,13.85,288.05
2008/9/9,107.77,189.37,152.15,101.09,95.52,16.09,20.4,18.99,87.63,72.02,13.62,286.09
2008/9/10,107.16,188.63,151.19,100.04,94.92,15.87,20.29,18.78,86.04,71.47,13.32,284.47
2008/9/11,107.53,188.07,149.97,100.06,94.42,15.79,20.13,18.62,85.72,70.11,13.11,285.45
2008/9/12,107.2,188.41,150.12,99.77,94.19,15.77,20.14,18.48,86.16,70.12,13.12,284.58
2008/9/16,104.39,186.77,148.46,97.42,93.64,15.41,19.92,18.01,82.71,67.96,12.9,277.12
2008/9/17,106.5,190.22,151.02,99.8,95.01,15.73,20.27,18.26,85.73,70.63,13.24,283.47
2008/9/18,104.89,190.78,150.62,98.28,95.27,15.65,20.22,18.04,83.25,69.59,12.73,279.19
2008/9/19,106.2,191.74,151.39,99.92,95.41,15.79,20.27,18.3,85.36,71.32,13.03,282.6
2008/9/22,106.96,195.68,154.91,101.99,96.88,16.21,20.78,18.87,89.04,73.61,13.33,284.62
2008/9/24,105.46,195.86,154.91,102.05,97.14,16.11,20.78,18.91,88.02,71.86,12.97,279.88
2008/9/25,106.07,196.48,155.5,102.23,97.52,16.09,20.86,18.82,88.53,72.54,13.07,281.5
2008/9/26,106.13,195.58,155.58,102.7,97.81,16.15,20.88,18.86,88.88,72.95,13.08,281.66
2008/9/29,106.91,195.32,154.92,103.11,97.34,16.01,20.78,18.75,88.83,73.34,13.16,283.73
2008/9/30,103.63,186.97,149.06,98.79,94.99,15.25,20,17.82,82.97,69.45,12.46,275.03
2008/10/1,106.52,189.72,150.59,100.37,95.23,15.46,20.18,18.24,84.77,71.41,12.89,282.7
2008/10/2,106.28,187.71,148.37,99.73,94.09,15.25,19.9,18,84.12,71.42,12.88,282.06
2008/10/3,105.07,185.4,145.02,97.3,92.69,14.95,19.46,17.48,81.33,69.12,12.41,278.92
2008/10/6,104.42,184.44,142.54,96.04,92.39,14.65,19.12,17.13,79.25,68.55,12.2,277.2
2008/10/7,101.65,177.4,137.43,92.37,88.85,14.12,18.43,16.32,73.23,64.19,11.48,269.77
2008/10/8,101.64,177.63,138.12,91.87,89.07,14.27,18.52,16.45,72.1,63.49,11.35,269.75
2008/10/9,99.99,171.93,135.71,88.71,88.41,14.04,18.24,16.24,66.84,59.47,10.87,265.37
2008/10/10,99.13,168.84,134.42,85.55,87.83,13.89,18.07,16.02,66.19,58.95,10.49,263.08
2008/10/14,102.82,179.43,140.18,90.16,90.52,14.5,18.83,16.62,72.8,63.78,11.43,272.37
2008/10/15,101.65,177.09,138.12,87.18,89.35,14.1,18.54,16.09,70.33,62.71,11.13,269.84
2008/10/16,100.06,172.82,134.77,83.99,88.1,13.29,18.1,15.31,66.69,60.76,9.42,265.55
2008/10/17,101.68,176.3,136.98,85.99,89.55,13.72,18.4,15.63,70.26,62.7,10.16,269.99
2008/10/20,101.86,176.49,137.23,86.21,89.7,13.72,18.42,15.48,70.74,62.59,10.28,270.33
2008/10/21,101.95,175.06,135.87,85.48,88.63,13.65,18.24,15.41,71.25,63.08,10.15,270.57
2008/10/22,100.46,166.63,130.82,82.72,86.96,12.93,17.56,14.54,68.38,61.23,9.56,266.68
2008/10/23,97.67,158.36,125.02,77.63,83.97,12.4,16.8,13.47,64.85,57.5,8.54,259.28
2008/10/24,97.32,156.93,125.15,77.82,83.74,12.63,16.79,14.09,64.56,57.44,9.02,258.35
2008/10/27,94.28,149.44,118.74,74.01,81,11.88,15.95,13.47,58.42,52.62,8.43,250.28
2008/10/28,93.31,144.37,115.8,71.87,80.51,11.64,15.53,13.37,56.56,51.13,8.47,247.7
2008/10/29,97.94,157.03,124.88,76.88,84.91,12.6,16.77,14.54,63.31,56.06,9.56,259.99
2008/10/30,98.59,162.33,129.09,81.06,87.36,13.11,17.33,14.92,67.07,58.13,10.18,261.72
2008/10/31,98.41,160.34,125.76,80.62,86.14,12.82,16.92,14.73,65.66,57.5,9.98,261.24
2008/11/4,99.11,156.38,124.78,83.84,84.16,12.69,16.77,14.7,66.68,58.52,9.99,263.24
2008/11/5,99.75,158.93,129.19,86.29,85.48,13.08,17.38,15.07,69.3,60.42,10.31,265.01
2008/11/6,98.16,155.78,126.7,83.94,84.57,12.58,17.04,14.46,66.53,58.63,10.08,260.79
2008/11/7,97.13,151.1,123.06,81.01,82.43,12.25,16.55,14.03,64.45,56.76,9.48,258.05
2008/11/10,99.21,157.25,127.88,84.25,84.56,12.73,17.18,14.59,68.72,59.58,10.05,263.51
2008/11/11,97.49,152.06,123.77,81.31,82.6,12.35,16.62,14.23,64.93,56.54,9.69,258.94
2008/11/12,97.57,150.33,122.37,81,82.3,12.15,16.45,13.97,64.21,56,9.51,259.22
2008/11/13,95.65,142.39,119.22,77.34,80.49,11.8,16.02,13.44,61.4,53.53,9.25,254.12
2008/11/14,97.17,144.07,123.97,79.8,81.87,12.45,16.66,14.08,64.29,54.92,9.59,258.22
2008/11/17,96.55,141.79,121.06,77.75,80.65,12.04,16.25,13.77,61.96,53.33,9.48,256.58
2008/11/18,96.46,144.31,121.72,78.3,80.38,12.01,16.36,13.79,62.14,53.04,9.52,256.34
2008/11/19,96.53,143.98,121.88,78.49,80.31,12.01,16.35,13.64,62.27,52.99,9.45,256.52
2008/11/20,95.85,143.67,119.94,76.4,79.12,11.74,16.11,13.59,61.35,52.01,9.11,254.85
2008/11/21,94.21,138.93,117.19,72.59,76.91,11.32,15.74,13.1,57.55,49.36,8.77,250.49
2008/11/25,96.66,146.1,124.38,77.98,80.64,12.1,16.71,13.91,62.45,52.58,9.62,256.94
2008/11/26,95.01,146.22,123.63,77.19,80.14,12.01,16.61,13.72,61.55,51.98,9.75,252.55
2008/11/27,95.34,146.21,122.81,77.69,79.3,11.9,16.51,13.66,62.16,52.72,9.7,253.36
2008/11/28,95.56,147,123.21,77.35,79.69,11.97,16.56,13.77,62.81,52.73,9.7,253.95
2008/12/1,95.3,146.26,120.6,76.59,78.68,11.77,16.21,13.69,62.04,51.85,9.52,253.39
2008/12/2,93.72,139.76,118.28,75.14,77.75,11.3,15.9,13.2,59.72,49.69,8.9,249.19
2008/12/3,92.98,138.47,118,74.14,76.96,11.33,15.85,13.18,59.84,49.48,9.15,247.22
2008/12/4,93.23,137.48,118.22,74.15,77.02,11.36,15.89,13.11,60.27,49.55,9.21,247.89
2008/12/5,92.55,135.6,117.95,72.47,77.16,11.16,15.85,12.95,59.57,49.33,9.12,246.01
2008/12/8,92.72,136.55,118.35,72.86,76.16,11.17,15.87,12.82,60.32,49.61,9.02,246.53
2008/12/9,92.95,138.39,120.06,74.22,77.05,11.54,16.13,13.22,61.46,50.7,9.2,247.14
2008/12/10,92.64,136.85,119.84,73.51,76.92,11.33,16.09,13.11,61.03,50.22,9.11,246.19
2008/12/11,92.68,137.36,120.66,73.63,77.37,11.36,16.22,13.17,61.01,50.52,9.14,246.42
2008/12/12,91.58,137.58,122.1,74.08,77.29,11.53,16.4,13.36,61.37,50.59,9.23,244.02
2008/12/15,91.17,136.72,122.63,73.47,77.73,11.38,16.47,13.23,60.76,50.12,9.06,242.41
2008/12/16,90.48,138.43,123.93,73.31,78.16,11.31,16.64,13.16,60.42,50.15,8.96,240.57
2008/12/17,89.03,138.77,125.18,73.79,79.45,11.23,16.81,13.05,61.7,51.53,8.85,236.72
2008/12/18,87.47,135.87,126.15,73.38,81.55,11.48,16.95,13.39,61.77,51.97,8.89,232.57
2008/12/19,89.87,135.45,128.3,74.61,83.21,11.64,17.23,13.15,62.23,52.65,9.29,238.83
2008/12/22,90.01,134.67,126.02,74.38,81.9,11.64,16.93,12.89,61.45,51.97,9.38,239.2
2008/12/24,90.71,133.74,126.5,74.31,83.49,11.34,16.99,12.79,61.63,51.61,9.44,241.19
2008/12/25,90.43,133.42,126.49,74.48,84.21,11.32,16.99,12.73,61.88,52.05,9.31,240.44
2008/12/26,90.84,134.2,127.17,74.34,84.31,11.4,17.09,12.77,62.03,52.22,9.32,241.53
2008/12/29,90.75,133.48,128.15,74.69,85.3,11.55,17.22,12.89,62.2,52.31,9.4,241.29
2008/12/30,91.01,131.89,127.93,74.8,86.19,11.59,17.2,12.87,62.62,52.79,9.59,241.92
2009/1/5,92.03,133.55,128.42,75.97,85.71,11.99,17.27,13.44,65.76,54.4,9.85,244.63
2009/1/6,93.11,136.51,126.53,78.23,83.8,11.82,17,13.37,66.27,54.7,9.98,247.5
2009/1/7,93.84,139.69,126.47,79.17,83.93,11.92,16.99,13.4,67.79,56.04,10.01,249.44
2009/1/8,92.83,139.7,125.98,77.51,83.83,11.81,16.93,13.4,65.73,54.51,9.67,246.76
2009/1/9,91.41,138.86,124.93,77.26,83.35,11.69,16.77,13.05,64.96,54.28,9.51,242.98
2009/1/13,89.49,132.28,119.31,73.42,80.15,11.09,16.02,12.67,60.65,50.64,8.86,237.82
2009/1/14,89.3,129.76,118.02,72.97,79.91,10.78,15.85,12.53,59.72,49.33,8.92,237.37
2009/1/15,89.25,130.32,117.73,71.73,79.97,10.64,15.8,12.41,59.12,48.05,8.77,237.24
2009/1/16,90.07,132.13,118.46,71.95,80.18,10.89,15.91,12.64,60.05,48.6,9.04,239.36
2009/1/19,91.05,135.2,121.32,73.26,81.48,11.26,16.3,13.25,61.78,50.2,9.18,241.83
2009/1/20,90.39,128.91,117.54,71.9,79.48,10.81,15.79,12.85,59.87,48.11,8.94,240.08
2009/1/21,89.94,124.8,115.94,71,78.41,10.64,15.57,12.61,58.38,46.83,8.74,239.27
2009/1/22,88.9,123.48,115.42,70.45,76.9,10.85,15.51,12.86,58.29,46.73,8.92,236.5
2009/1/23,89.17,123.52,115.84,71.15,77.18,10.81,15.55,12.84,58.4,47.14,8.92,237.34
2009/1/26,88.9,121.17,114.69,71.86,76.6,10.82,15.37,12.81,58.02,47.08,8.69,236.18
2009/1/27,89.33,124.85,117.67,72.91,78.46,11.18,15.79,13.29,59.19,47.18,8.92,237.45
2009/1/28,89.01,126.12,117.29,72.55,77.98,11.04,15.73,13.24,59.04,46.99,8.94,236.48
2009/1/29,90.46,128.44,118.66,74.38,78.35,11.18,15.94,13.39,59.97,47.08,9.2,240.33
2009/1/30,89.6,127.32,115.54,73.01,77.52,10.86,15.52,12.97,58.03,45.74,8.96,238.04
2009/2/2,89.78,129.61,114.43,73.02,77.16,10.71,15.36,12.93,57.08,45.64,8.79,238.65
2009/2/3,89.41,127.16,114.84,71.79,77.08,10.69,15.42,12.67,56.6,45.28,8.8,237.67
2009/2/4,89.44,128.63,115.99,72.33,78.01,10.86,15.58,12.93,57.97,45.54,8.95,237.75
2009/2/5,89.42,129.13,114.58,72.5,77.09,10.77,15.4,12.9,57.49,45.57,8.96,237.69
2009/2/6,90.94,133.06,116.36,73.83,77.66,11.01,15.63,13.29,59.21,46.72,9.2,241.8
2009/2/9,91.87,136.29,119.21,75.66,79.19,11.38,16.01,13.68,61.81,48.67,9.53,244.14
2009/2/10,91.29,135.26,117.69,74.48,78.09,11.25,15.81,13.59,61.29,48.62,9.45,242.6
2009/2/12,90.3,129.95,116.51,72.89,78.01,10.82,15.65,13.36,59.46,47.51,9.2,239.97
2009/2/13,90.76,129.78,116.94,72.99,78.17,10.79,15.71,13.27,59.49,47.41,9.17,241.25
2009/2/16,91.65,130.44,117.07,73.84,78.63,10.86,15.72,13.37,59.82,47.8,9.2,243.62
2009/2/17,91.87,130.97,117.28,73.93,79.03,10.68,15.75,13.3,59.77,47.62,9.15,244.21
2009/2/18,92.28,131.57,116.22,73.02,79.01,10.43,15.6,13.2,58.8,46.95,9.05,245.3
2009/2/19,93.79,133.76,117.94,74.51,79.89,10.72,15.84,13.37,60.15,48.08,9.23,249.31
2009/2/20,94.16,134.15,118.98,74.9,80.02,10.79,15.99,13.67,60.69,47.92,9.33,250.29
2009/2/23,93.14,134.05,119.1,74.19,80.4,10.59,16,13.65,59.82,47.23,9.24,247.58
2009/2/24,94.33,136.6,119.57,75.3,80.66,10.6,16.06,13.73,60.39,47.77,9.41,250.74
2009/2/25,96.75,140.83,124.39,77.76,83.46,11.01,16.7,14.22,63.03,49.69,9.82,257.18
2009/2/26,97.54,139.08,124.26,77.68,83.47,10.92,16.69,14.19,63.44,49.78,9.85,259.28
2009/2/27,97.79,139.5,124.18,77.89,83.87,10.86,16.68,14.05,63.14,49.47,9.9,259.94
2009/3/2,97.15,138.21,122.15,75.9,82.74,10.69,16.4,13.7,61.32,47.89,9.57,258.31
2009/3/3,97.24,136.39,122.21,75.28,82.72,10.53,16.41,13.5,61.43,47.96,9.26,258.48
2009/3/4,98.4,137.82,122.74,75.9,83.28,10.57,16.48,13.58,61.96,48.37,9.27,261.56
2009/3/5,99.3,140.58,125.21,77.78,84.76,11,16.82,14.11,64.13,50.02,9.55,263.96
2009/3/6,98.51,139.65,123.74,76.59,84.23,10.59,16.62,13.89,63.25,49.44,9.33,261.86
2009/3/9,98.12,138.79,124.71,76.48,84.99,10.77,16.73,13.99,63.2,49.64,9.43,260.89
2009/3/10,99.09,136.97,125.17,76.35,85.53,10.79,16.8,13.88,63.02,49.12,9.32,263.4
2009/3/11,98.74,136.02,125.64,77.16,85.19,11.17,16.87,14.22,64.01,49.86,9.6,262.47
2009/3/12,97.2,134.87,124.82,75.51,84.28,11.12,16.76,14.12,63.38,49.95,9.68,258.37
2009/3/13,97.58,136.04,126.02,76.31,82.2,11.39,16.92,14.25,64.02,50.87,9.78,259.38
2009/3/16,98.42,137.35,126.73,77.15,82.62,11.34,16.99,14.36,64.63,51.52,9.84,261.62
2009/3/17,98.5,138.65,127.73,77.52,83.05,11.55,17.15,14.39,65,52.23,9.94,261.83
2009/3/18,98.76,138.66,128.52,77.78,83.49,11.73,17.25,14.67,65.34,52.18,10.01,262.52
2009/3/19,96.41,137.39,129.69,77.24,84.42,11.92,17.41,14.78,65.19,52.32,10.04,256.27
2009/3/23,96.15,139.34,131.14,77.64,85.38,11.87,17.61,15.14,66.53,53.94,10.05,255.58
2009/3/24,97.74,143.4,133.63,80.08,87.07,12.29,17.94,15.62,69.23,56.15,10.39,259.81
2009/3/25,97.87,143.77,131.81,79.55,86.61,12.01,17.71,15.33,68.21,55.03,10.35,260.15
2009/3/26,97.68,142.51,132.82,79.41,87.21,12.1,17.84,15.03,68.28,55.47,10.31,259.65
2009/3/27,98.61,142.85,133.73,80.39,87.73,12.35,17.97,15.19,69.25,57.07,10.57,262.12
2009/3/30,98.17,140.15,130.25,79.2,85.69,11.91,17.49,14.8,67.68,55.72,10.2,261.02
2009/3/31,98.26,140.56,129.83,77.95,85.59,11.8,17.44,14.43,66.96,55.32,10.16,261.19
2009/4/1,98.92,141.54,130.48,78.14,86.56,11.93,17.53,14.6,67.95,55.02,10.32,262.95
2009/4/2,98.6,142.83,130.62,78.4,86.11,12.04,17.55,14.69,68.99,55.69,10.56,262.02
2009/4/3,99.89,147.06,134.32,80.67,88.01,12.45,18.05,15.25,71.82,58.79,11.04,265.45
2009/4/6,100.78,149.92,136.4,82.21,89.3,12.71,18.32,15.5,72.33,59.75,11.15,268.03
2009/4/7,100.63,147.61,134.29,80.79,88.51,12.44,18.04,15.26,71.22,58.44,11.04,267.49
2009/4/8,100.67,147.94,133,81.18,87.8,12.24,17.85,14.96,71.33,57.81,10.95,267.6
2009/4/9,99.82,146.62,132.19,80.62,86.8,12.06,17.75,14.91,70.91,57.83,10.9,265.34
2009/4/10,100.64,147.29,131.94,82.11,86.72,12.15,17.7,15.07,72.39,58.65,11.1,267.52
2009/4/13,100.33,146.74,131.89,81.78,86.54,12.12,17.71,15.07,72.39,58.57,11.13,266.62
2009/4/14,100.38,149.26,133.79,82.12,88.33,12.26,17.97,15.27,73.16,59.22,11.14,266.76
2009/4/15,98.84,147.11,130.87,81.27,86.78,12.06,17.58,14.89,71.11,57.23,10.88,262.66
2009/4/16,99.43,149.7,131.85,82.82,87.17,12.09,17.72,14.93,72.58,57.56,11.01,264.3
2009/4/17,99.73,148.71,131.24,82.44,86.8,12.01,17.63,14.93,71.92,57.22,11.2,265.03
2009/4/20,99.24,146.2,128.82,81.56,84.78,11.72,17.31,14.76,71.17,56.15,11.07,263.66
2009/4/21,98.08,142.42,126.73,79.12,83.83,11.28,17.02,14.37,68.68,54.26,10.82,260.57
2009/4/22,98.58,144.67,127.39,79.56,84.32,11.53,17.11,14.52,69.69,55.13,10.96,261.9
2009/4/23,97.81,141.54,127.12,78.89,83.99,11.6,17.07,14.55,68.95,54.27,11.01,259.86
2009/4/24,97.81,143.45,128.45,79.74,84.96,11.85,17.25,14.79,69.63,54.86,11.01,259.86
2009/4/27,96.99,141.91,127.96,79.87,84.93,11.89,17.19,14.73,69.59,54.9,11.03,257.75
2009/4/28,96.55,141.07,125.76,79.34,83.52,11.83,16.89,14.34,68.21,54.21,10.95,256.51
2009/4/30,97.76,144.89,130.15,81.49,86.35,12.15,17.48,14.9,71.26,55.43,11.47,259.72
2009/5/1,99.11,146.45,131.47,83.1,87.02,12.32,17.65,15.16,72.17,55.94,11.7,263.31
2009/5/7,98.67,149.06,131.05,84.46,86.9,12.42,17.6,15.09,73.73,57.85,11.83,262.14
2009/5/8,99.33,149.01,132.73,84.75,87.81,12.62,17.83,15.35,74.96,58.92,11.76,263.89
2009/5/11,98.57,149.91,134.32,85.68,89.1,12.87,18.05,15.53,75.62,59.77,11.81,262.01
2009/5/12,97.52,147.64,132.45,83.74,87.85,12.43,17.8,15.1,74.05,58.47,11.54,259.15
2009/5/13,95.91,146.9,131.43,82.84,87.22,12.36,17.65,14.97,73.76,58.4,11.38,254.81
2009/5/14,95.49,144.6,129.54,81.46,86.08,11.97,17.4,14.58,72.06,56.66,11.18,253.69
2009/5/15,96.03,146.36,130.96,82.08,86.94,12.24,17.6,14.88,72.95,56.97,11.28,255.13
2009/5/18,94.88,143.61,127.49,80.47,84.38,11.9,17.14,14.46,70.75,55.36,10.87,252.21
2009/5/19,96.24,147.33,130.26,82.61,86.26,12.47,17.51,14.84,73.49,57.27,11.27,256.09
2009/5/20,95.93,148.59,130.6,83.05,86.43,12.5,17.55,14.92,74.01,57.62,11.35,254.93
2009/5/21,94.5,148.75,130.15,82.76,85.84,12.42,17.49,14.72,73.06,57.33,11.35,251.13
2009/5/22,94.16,149.68,131.36,82.97,86.41,12.63,17.64,14.83,73.51,57.96,11.29,250.23
2009/5/25,94.54,150.28,132.42,84.12,87.13,12.68,17.79,14.93,73.84,58.34,11.33,251.17
2009/5/26,94.86,150.82,132.76,84.18,87.47,12.67,17.84,14.96,73.87,58.68,11.44,252.02
2009/5/27,95.17,151.91,133.06,85.32,87.77,12.61,17.88,14.93,74.78,59.06,11.47,252.84
2009/5/28,95.95,153.19,132.75,85.53,87.85,12.42,17.84,14.92,74.83,59.1,11.7,254.91
2009/5/29,96.47,153.77,134.6,86.59,89.08,12.57,18.09,15.04,75.77,60.3,11.94,256.3
2009/6/1,94.97,153.52,134.01,86.89,88.88,12.55,18.01,15.03,76.09,60.63,11.99,252.31
2009/6/2,96.3,158.08,136.18,87.98,89.92,12.94,18.3,15.56,77.68,62.27,12,255.84
2009/6/3,95.66,158.46,136.72,88.27,90.03,12.76,18.38,15.5,78.34,62.51,11.99,254.14
2009/6/4,96.22,156.91,136.32,86.64,89.98,12.55,18.32,15.18,77.22,61.12,11.91,255.63
2009/6/5,96.65,155.94,137.12,87.92,90.47,12.66,18.42,15.39,77.65,61.16,12.09,256.77
2009/6/8,98.61,157.46,137.75,88.27,90.88,12.66,18.51,15.39,78.56,61.91,12.19,261.98
2009/6/9,98.42,158.14,137.04,88.32,90.23,12.58,18.41,15.28,77.96,61.37,12.05,261.48
2009/6/10,97.19,158.55,136.72,88.05,90.13,12.69,18.37,15.38,77.94,60.96,11.98,258.21
2009/6/11,98.22,160.74,137.51,88.77,90.99,12.74,18.48,15.44,79.07,62.31,12.15,260.95
2009/6/12,97.8,162.02,137.98,88.62,91.37,12.86,18.54,15.51,79.94,62.92,12.31,259.83
2009/6/15,98.22,161.28,137.3,87.67,90.97,12.73,18.45,15.36,79.32,62.64,12.27,260.95
2009/6/16,97.36,158.02,134.06,85.79,88.99,12.36,18.02,14.97,77.19,60.99,11.98,258.66
2009/6/17,96.47,157.86,133.49,85.05,88.65,12.3,17.95,15.04,76.39,60.75,11.95,256.3
2009/6/18,95.72,156.96,133.56,84.61,88.6,12.2,17.95,15.07,76.15,60.53,11.89,254.3
2009/6/19,96.68,157.94,134.41,85.35,88.96,12.21,18.07,15.13,77.47,61.84,11.9,256.85
2009/6/22,96.19,158.41,133.85,84.54,88.82,12.13,17.98,15,76.97,61.56,11.85,255.55
2009/6/23,95.43,155.67,132.14,82.58,87.78,11.89,17.76,14.49,74.78,59.95,11.61,253.53
2009/6/24,95.42,156.87,134.37,83.1,89.47,12.09,18.04,14.73,75.84,60.95,11.67,253.51
2009/6/25,95.9,157.87,133.91,83,87.5,12.16,18,14.8,76.66,61.41,11.92,254.78
2009/6/26,95.79,157.43,134.39,83.07,87.8,12.17,18.06,14.82,77.22,61.62,11.94,254.49
2009/6/29,95.31,157.05,133.76,82.55,87.72,12.26,17.95,14.76,76.62,61.53,12.08,253.21
2009/6/30,96.02,159.48,135.51,83.07,88.84,12.54,18.21,15.02,77.81,62.65,12.28,255.1
2009/7/1,96.4,158.48,135.3,83.02,88.78,12.5,18.18,15,77.73,62.27,12.43,256.11
2009/7/2,96.6,159.16,136.43,84.01,89.78,12.73,18.34,15.22,77.97,61.69,12.43,256.64
2009/7/3,95.81,156.95,133.87,82.49,88.18,12.28,17.99,14.94,76.07,60.18,12.18,254.54
2009/7/6,95.77,156.18,133.8,82.45,88.1,12.32,17.98,14.93,76.19,60.25,12.04,254.44
2009/7/7,95.33,155.05,133.19,82.17,87.84,12.2,17.9,14.74,75.91,60.69,12,253.27
2009/7/8,94.55,152.03,131.31,81.04,86.66,11.87,17.62,14.45,74.28,59.3,11.66,251.2
2009/7/9,92.95,149.46,129.07,79.92,85.3,11.65,17.34,14.17,72.44,58.26,11.34,246.94
2009/7/10,93.06,151.7,130.18,80.13,86.12,11.86,17.5,14.34,72.91,58.81,11.43,247.24
2009/7/13,92.91,150.54,129.76,80.08,85.61,11.74,17.44,14.31,72.66,58.51,11.34,246.84
2009/7/14,93.11,151.66,130.19,80.94,86.01,11.82,17.49,14.36,72.9,58.97,11.31,247.37
2009/7/15,93.65,152.93,130.95,82.53,86.06,11.91,17.6,14.53,74.39,60.01,11.42,248.8
2009/7/16,94.34,154.79,132.76,84.31,87.62,12.13,17.85,14.75,75.56,61.09,11.58,250.64
2009/7/17,93.8,153.63,132.39,83.88,87.25,12.01,17.8,14.71,75.21,60.63,11.63,249.2
2009/7/21,94,155.24,133.61,84.77,87.92,12.18,17.95,14.91,76.38,61.58,11.93,249.73
2009/7/22,93.48,153.41,132.71,84.4,87.5,12.25,17.83,14.86,76.19,61.29,11.91,248.35
2009/7/23,93.73,154.24,133.25,85.19,87.91,12.34,17.91,14.86,76.55,61.81,12.12,249.02
2009/7/24,94.87,156.45,134.21,86.91,88.27,12.62,18.04,15.1,77.15,62.09,12.28,252.05
2009/7/27,94.86,155.85,134.63,87.27,88.46,12.69,18.1,15.2,77.55,62.1,12.23,252.02
2009/7/28,95.02,156.47,135.16,87.83,88.7,12.84,18.18,15.37,78.04,62.22,12.2,252.44
2009/7/29,94.59,155.61,134.11,87.56,88.06,12.66,18.03,15.29,78.24,62.24,12.03,251.3
2009/7/30,95.16,156.02,133.79,87.28,87.58,12.7,17.98,15.26,77.81,61.84,12.02,252.82
2009/7/31,95.48,157.67,134.53,88.2,87.85,12.88,18.08,15.37,78.93,62.36,12.25,253.67
2009/8/3,94.74,158.56,135.07,88.06,88.51,13.18,18.15,15.49,79.3,62.78,12.16,251.7
2009/8/4,95.26,161.33,137.13,89.25,89.81,13.46,18.44,15.8,80.31,63.58,12.26,253.08
2009/8/5,95.25,161.35,137.32,88.88,89.92,13.37,18.45,15.79,80.43,64.13,12.13,253.06
2009/8/6,94.99,161.36,136.87,88.74,89.5,13.32,18.4,15.81,80.01,63.8,12.01,252.36
2009/8/7,95.54,160.33,137.18,88.73,89.78,13.36,18.44,15.75,80.27,64.05,11.87,253.76
2009/8/10,97.21,162.28,138.07,89.7,89.96,13.58,18.54,15.92,81.48,65.47,12.1,258.19
2009/8/11,96.91,159.91,137.05,89.12,89.31,13.34,18.42,15.6,81.06,65.55,11.93,257.4
2009/8/12,96.03,158.46,136.02,87.31,88.79,13.13,18.28,15.43,79.7,64.1,11.86,255.06
2009/8/13,96.14,158.56,136.68,88.23,89.38,13.34,18.37,15.81,80.26,64.6,11.98,255.35
2009/8/14,95.46,158.47,136.43,87.94,89.24,13.36,18.34,15.83,80.75,64.98,11.95,253.55
2009/8/17,94.57,155.66,133.89,85.72,87.94,13.08,18,15.49,78.14,63.71,11.69,251.18
2009/8/18,94.75,155.09,133.64,85.66,88.02,13.03,17.97,15.39,78.14,63.54,11.72,251.66
2009/8/19,94.73,156.7,134.06,86.01,88.18,13.11,18.02,15.53,78.47,63.95,11.8,251.61
2009/8/20,94.27,155.77,134.01,86.02,88.37,13.13,18.02,15.56,78.2,63.58,11.73,250.39
2009/8/21,94.02,155.1,134.02,86.36,88.45,13.14,18.01,15.63,77.99,63.55,11.82,249.72
2009/8/24,94.66,156.5,135.82,87.66,89.5,13.51,18.26,15.83,79.5,64.9,12.14,251.42
2009/8/25,94.18,154.54,134.55,87.46,88.69,13.33,18.09,15.69,78.79,64.48,12,250.15
2009/8/26,94.03,153.49,134.35,86.53,88.52,13.33,18.06,15.56,78.41,64.35,12.03,249.75
2009/8/27,93.95,152.42,133.65,85.53,87.87,13.15,17.97,15.47,77.59,63.78,11.92,249.54
2009/8/28,93.78,152.82,134.73,86.25,88.66,13.21,18.11,15.56,78.77,64.48,12.06,249.08
2009/8/31,92.69,151.03,132.53,84.72,87.48,13.01,17.82,15.34,78.19,63.46,11.89,246.19
2009/9/1,93.02,151.26,133.24,84.99,87.8,13.06,17.91,15.47,78.37,63.78,11.91,247.07
2009/9/2,92.82,149.77,131.82,84.18,86.97,12.73,17.72,15.22,76.66,62.6,11.74,246.53
2009/9/3,92.14,149.73,131.38,83.37,86.83,12.73,17.67,15.14,76.77,62.04,11.84,244.73
2009/9/4,92.7,151.33,132.16,84.1,87.27,12.82,17.76,15.33,77.86,62.92,12.1,246.22
2009/9/7,93.08,152.6,133.36,85.75,87.84,13.03,17.93,15.52,79.33,64.15,12.23,247.22
2009/9/8,92.96,151.86,133.28,86.15,87.72,13.06,17.92,15.53,79.5,64.35,12.27,246.91
2009/9/9,92.39,152.54,133.97,85.71,88.31,13.12,18.01,15.58,79.87,64.44,12.28,245.39
2009/9/10,92.23,152.56,134.26,85.52,88.57,13.16,18.05,15.64,79.66,64.49,12.22,244.97
2009/9/11,91.68,152.67,133.67,85.01,88.27,13.1,17.97,15.41,79.03,64.36,12.14,243.51
2009/9/14,90.64,150.6,131.71,83.59,87.13,12.87,17.71,15.2,77.66,63.48,12.11,240.74
2009/9/15,91.06,151.4,133.31,84.17,88.13,13.07,17.92,15.44,78.51,63.99,12.2,241.86
2009/9/16,90.9,149.94,133.44,84.72,87.93,13.11,17.94,15.49,78.64,64.26,12.26,241.56
2009/9/17,91.15,150.19,134.05,85.38,88.27,13.25,18.03,15.58,79.68,65.05,12.41,242.23
2009/9/18,91.23,149.93,134.33,85.53,88.63,13.26,18.07,15.57,79.54,64.79,12.31,242.44
2009/9/24,91.24,149.23,134.53,84.87,88.97,13.32,18.09,15.73,79.46,65.73,12.29,242.47
2009/9/25,90.86,144.71,132.85,83.2,88.05,13.07,17.86,15.54,78.28,64.69,12.14,241.39
2009/9/28,88.92,140.62,130.2,81.25,86.25,12.74,17.51,15.24,76.74,63.8,11.96,236.18
2009/9/29,90.21,143.38,131.69,82.98,87.19,12.9,17.68,15.45,78.71,64.74,12.11,239.6
2009/9/30,90.21,144.08,131.68,83.3,87.08,12.88,17.7,15.46,78.91,64.73,12.15,239.67
2009/10/1,89.84,143.63,131.64,84.06,86.8,12.92,17.69,15.58,79.52,65.04,11.97,238.68
2009/10/2,89.57,142.41,130.02,82.55,85.9,12.69,17.47,15.37,77.77,63.74,11.63,237.96
2009/10/5,89.82,143.54,131.33,83.44,86.95,12.8,17.65,15.54,78.31,64.51,11.75,238.63
2009/10/6,89.42,142.52,131.07,83.5,86.71,12.76,17.62,15.62,78.39,65.29,11.96,237.57
2009/10/7,89,141.56,130.82,84.01,86.51,12.83,17.58,15.64,79.07,65.36,11.97,236.51
2009/10/8,88.48,141.51,130.34,83.72,85.89,12.69,17.51,15.62,79.63,65.49,12.01,235.13
2009/10/9,88.79,142.45,131.13,84.31,86.39,12.74,17.62,15.71,80.34,65.81,12.09,235.89
2009/10/13,89.78,141.97,132.65,86.78,87.47,12.87,17.82,15.94,81.48,66.24,12.18,238.46
2009/10/14,89.75,142.78,133.2,86.96,87.78,12.88,17.9,15.99,81.43,66.16,12.24,238.44
2009/10/15,89.64,143.81,133.94,87.68,88.44,13,17.99,16.21,82.35,66.83,12.37,238.15
2009/10/16,90.86,148.5,135.92,88.27,89.62,13.11,18.26,16.39,84.16,68.03,12.51,241.39
2009/10/19,90.94,148.3,135.02,87.37,89.03,13.03,18.15,16.06,83.01,67.1,12.38,241.54
2009/10/20,90.68,148.5,135.76,88.11,89.68,13.12,18.24,16.31,84.12,68.34,12.4,240.85
2009/10/21,90.83,148.81,135.52,86.53,89.66,13.05,18.21,16.22,83.73,68.03,12.25,241.31
2009/10/22,91.08,151.48,136.83,87.21,90.62,13.31,18.38,16.43,84.7,69.16,12.35,241.98
2009/10/23,91.51,152.38,137.62,87.44,91.07,13.49,18.49,16.57,84.77,69.32,12.38,243.12
2009/10/26,92.04,149.66,138.05,87.45,91.26,13.55,18.55,16.56,84.91,69.38,12.36,244.46
2009/10/27,92.06,150.3,136.87,86.15,90.39,13.41,18.39,16.34,84.46,68.77,12.15,244.52
2009/10/28,91.56,149.71,135.53,85.93,89.61,13.13,18.21,16.2,83.75,68.02,11.93,243.25
2009/10/29,90.57,148.14,133.11,83.78,88.11,12.8,17.89,15.78,81.23,65.11,11.55,240.62
2009/10/30,91.39,151.28,135.51,85.56,89.69,13.1,18.21,16.21,83.63,66.78,11.82,242.8
2009/11/2,90.01,148.18,132.69,83.27,87.89,12.71,17.82,15.75,81.18,64.65,11.21,239.07
2009/11/4,90.07,147.83,132.53,84.4,87.68,12.62,17.81,15.58,81.02,64.71,11.5,239.29
2009/11/5,90.62,149.96,134.56,85.22,89.16,12.87,18.09,15.95,82.46,65.34,11.86,240.75
2009/11/6,90.69,150.27,134.77,85.11,89.2,12.97,18.12,15.96,82.67,65.34,11.91,240.94
2009/11/9,89.94,149.93,133.94,83.97,88.6,12.92,17.99,15.85,83.18,66.05,11.93,238.88
2009/11/10,90.03,150.93,134.96,85.26,89.3,13.13,18.14,16.11,83.77,66.86,12.12,239.12
2009/11/11,89.54,149.87,134.34,85.42,88.96,13.13,18.05,16.05,83.4,66.54,12.11,237.89
2009/11/12,89.98,149.43,135.04,86.31,89.41,13.21,18.15,16.13,84.28,66.91,12.19,239.05
2009/11/13,90.32,149.86,134.26,85.64,88.82,13.13,18.04,15.98,83.59,66.23,12.13,239.96
2009/11/16,89.41,149.23,133.59,85.06,88.52,13.12,17.96,15.98,83.31,66.15,12.01,237.48
2009/11/17,89.16,150.06,133.58,85.19,88.52,13.12,17.96,16.06,83.59,66.9,12.12,236.81
2009/11/18,89.26,150.05,132.89,84.9,87.88,12.98,17.86,15.89,83.03,66.53,12,237.08
2009/11/19,89.33,149.39,133.53,84.54,88.33,13.08,17.94,15.97,82.78,66.29,11.97,237.33
2009/11/20,89.05,148.32,132.92,83.8,87.91,12.93,17.86,15.85,82.07,65.18,11.83,236.58
2009/11/24,88.87,147.19,132.76,83.83,87.86,12.87,17.85,15.87,81.85,64.78,11.86,236.23
2009/11/25,88.48,146.83,132.4,83.59,87.7,12.81,17.79,15.73,81.69,64.27,11.87,235.19
2009/11/26,87.33,146.09,132.08,83.43,87.59,12.76,17.75,15.68,80.99,63.68,11.92,232.08
2009/11/27,86.31,142.02,129.18,81.36,85.8,12.31,17.37,15.19,78.33,61.43,11.48,229.36
2009/11/30,86.76,143.32,130.11,81.86,86.28,12.44,17.49,15.33,79.32,62.05,11.76,230.44
2009/12/1,86.42,142.01,129.72,81.84,85.98,12.4,17.44,15.22,79.13,61.89,11.66,229.54
2009/12/2,86.8,144.15,131.02,83.02,86.89,12.59,17.61,15.47,80.51,63.16,11.9,230.54
2009/12/3,87.79,146.21,132.4,83.7,87.83,12.8,17.79,15.68,81.63,63.67,12.04,233.17
2009/12/4,88.14,145.74,132.74,83.39,88.13,12.82,17.83,15.68,81.31,63.5,11.9,234.1
2009/12/7,90.16,148.69,134.22,85.45,88.81,12.94,18.04,15.9,82.6,64.75,12.14,239.47
2009/12/8,89.18,146.77,132.42,84.96,87.59,12.69,17.8,15.65,81.69,63.93,11.99,236.87
2009/12/9,88.57,143.99,130.24,83.27,86.25,12.4,17.5,15.32,80.16,62.71,11.7,235.31
2009/12/10,88.26,143.93,130.17,83.8,86.07,12.47,17.49,15.42,80.78,63.91,11.71,234.48
2009/12/11,88.48,143.92,130.29,84.19,86.22,12.45,17.51,15.45,80.99,64.42,11.78,235.07
2009/12/14,88.91,144.33,130.12,83.93,86.05,12.47,17.48,15.39,80.86,64.4,11.82,236.34
2009/12/15,88.74,144.62,130.01,83.76,85.99,12.48,17.47,15.34,81.15,64.52,11.97,235.89
2009/12/16,89.69,145.68,130.36,84.5,86.14,12.46,17.52,15.39,81.1,64.67,12.04,238.35
2009/12/17,89.94,146.85,130.64,84.69,86.56,12.51,17.56,15.59,81,64.74,12.13,239.01
2009/12/18,89.28,144.4,128.03,83.45,85.71,12.27,17.21,15.21,79.16,63.38,11.86,237.19
2009/12/21,90.6,146.16,129.84,84.9,86.97,12.52,17.45,15.49,80.58,64.34,11.93,240.64
2009/12/22,91.08,146.28,130.13,85.77,87.12,12.51,17.49,15.52,80.12,64.16,11.77,241.91
2009/12/24,91.71,146.35,131.47,87.38,88.27,12.62,17.66,15.77,80.73,64.65,12.09,243.65
2009/12/25,91.6,146.29,131.57,87.41,88.42,12.59,17.67,15.73,80.84,64.65,12.17,243.36
2009/12/28,91.8,146.34,131.75,87.4,88.4,12.61,17.71,15.79,81.04,64.83,12.21,243.82
2009/12/29,91.7,146.74,131.7,87.89,88.53,12.7,17.7,15.81,81.33,64.91,12.23,243.56
2009/12/30,92.07,146.47,131.92,88.06,88.64,12.76,17.72,15.83,82.25,65.93,12.4,244.54
2010/1/4,92.93,149.88,132.82,88.56,89.61,12.99,17.85,16.04,83.35,67,12.5,246.83
2010/1/5,92.37,148.78,133.15,88.76,89.71,13.1,17.9,16.18,84.36,67.86,12.7,245.34
2010/1/6,91.6,146.14,131.36,88.09,88.49,12.87,17.65,16,83.53,67.05,12.47,243.36
2010/1/7,92.4,148.09,133.23,89.59,90.03,13.08,17.91,16.32,85.48,68.52,12.69,245.48
2010/1/8,93.4,149.04,133.76,90.34,90.36,13.12,17.98,16.37,85.76,68.48,12.6,248.14
2010/1/12,92.3,148.53,133.79,89.22,90.69,13.1,17.98,16.45,85.62,68.3,12.54,245.09
2010/1/13,91.25,147.47,132.08,87.75,89.51,12.92,17.76,16.1,84.06,67.45,12.29,242.49
2010/1/14,91.44,149.08,132.83,88.68,89.87,13.03,17.86,16.21,84.95,67.79,12.4,243
2010/1/15,91.3,149.07,132.23,89.06,89.51,13.01,17.77,16.21,84.95,67.63,12.35,242.63
2010/1/18,90.81,147.71,130.25,88.13,88.29,12.83,17.5,15.94,83.5,66.67,12.23,241.2
2010/1/19,90.76,148.91,130.68,88.49,88.63,12.95,17.57,16.06,84.09,67.14,12.3,241.06
2010/1/20,91.14,149.16,130.17,88.35,88.22,12.91,17.49,16.02,84.15,66.88,12.32,242.14
2010/1/21,91.34,148.79,129.03,87.42,87.57,12.68,17.33,15.82,83.39,66.01,12.1,242.67
2010/1/22,90.29,146.26,127.35,85.83,86.7,12.48,17.11,15.54,81.49,64.28,11.96,239.75
2010/1/25,89.96,144.93,127.28,85.15,86.37,12.45,17.1,15.5,81.3,64.28,11.81,238.87
2010/1/26,90.41,146.91,128.04,85.6,87.03,12.51,17.2,15.6,81.97,64.64,11.95,240.07
2010/1/27,89.57,144.49,126,84.24,85.55,12.31,16.93,15.32,80.76,63.35,11.84,237.84
2010/1/28,90.26,145.93,126.37,84.83,85.77,12.36,16.98,15.41,80.84,63.64,11.9,239.67
2010/1/29,89.75,144.75,124.93,84,85.21,12.17,16.8,15.22,79.94,63,11.82,238.32
2010/2/1,90.37,144.36,125.36,84.69,85.15,12.25,16.84,15.27,80.1,63.66,11.91,239.96
2010/2/2,90.91,145.09,126.62,85.71,86.01,12.53,17,15.54,81.1,64.45,12.13,241.4
2010/2/3,90.54,144.85,126.48,85.64,85.78,12.54,16.99,15.52,80.37,64.56,12.13,240.41
2010/2/4,90.98,144.63,126.28,85.55,85.9,12.52,16.98,15.5,80.1,63.53,12.09,241.58
2010/2/5,89.63,141.33,123.09,83.62,84.05,12.07,16.54,15.05,77.79,61.68,11.73,238
2010/2/8,89.4,139.68,122.11,83.43,83.13,11.98,16.4,14.94,77.57,61.53,11.52,237.39
2010/2/9,89.32,139.11,121.93,83.09,83.11,11.99,16.38,14.98,77.23,61.04,11.52,237.17
2010/2/10,89.95,141.25,124.09,84.29,84.47,12.3,16.66,15.24,79.03,62.67,11.7,238.85
2010/2/12,89.76,140.64,122.59,85.39,83.69,12.4,16.47,15.23,79.81,62.54,11.75,238.47
2010/2/15,90.08,141.02,122.66,85.67,83.67,12.43,16.47,15.22,80,62.76,11.72,239.26
2010/2/16,90.05,140.96,122.42,85.76,83.49,12.44,16.45,15.2,80.02,62.78,11.65,239.05
2010/2/17,90.26,142.44,124.25,86.46,84.63,12.58,16.7,15.43,81.36,63.71,11.8,239.67
2010/2/18,91.08,142.63,123.63,86.92,84.36,12.6,16.61,15.44,81.66,63.81,11.96,241.98
2010/2/19,91.85,141.78,123.92,87.62,84.53,12.61,16.64,15.31,82.07,64.02,11.99,244.02
2010/2/22,91.74,141.89,125.07,88.34,85.35,12.72,16.81,15.48,82.69,64.29,12.02,243.73
2010/2/23,91.22,141.35,124.13,87.44,84.81,12.69,16.68,15.44,82.14,64,11.85,242.28
2010/2/24,90.26,139.29,122,85.45,83.31,12.43,16.39,15.16,80.54,62.6,11.61,239.8
2010/2/25,90.22,138.95,122,85.69,83.39,12.51,16.4,15.2,80.71,62.59,11.67,239.69
2010/2/26,89.43,136.45,121.17,84.27,82.78,12.44,16.29,15.08,79.47,61.92,11.57,237.59
2010/3/1,89.02,135.27,121.48,84.68,82.99,12.55,16.33,15.06,80.1,62.37,11.62,236.44
2010/3/2,89.32,133.5,120.9,85.67,82.62,12.43,16.25,15.03,80.32,62.37,11.72,237.24
2010/3/3,88.66,133.3,120.9,85.78,82.6,12.37,16.24,14.97,80.28,61.88,11.7,235.55
2010/3/4,88.54,133.5,121.25,85.79,82.89,12.4,16.29,15.06,80.1,61.33,11.81,235.23
2010/3/5,89.35,134.4,121.39,86.71,82.99,12.49,16.31,15.09,80.53,61.45,11.94,237.38
2010/3/8,90.42,136.93,123.52,87.98,84.37,12.75,16.59,15.37,82.18,63.25,12.16,240.16
2010/3/9,90.18,135.54,122.91,87.71,84.03,12.69,16.51,15.29,82.07,63.08,12.19,239.52
2010/3/10,90.03,134.87,122.38,87.65,83.72,12.61,16.45,15.25,82.24,63.31,12.17,239.12
2010/3/11,90.49,135.41,123.39,88.27,84.44,12.69,16.58,15.4,82.64,63.25,12.22,240.41
2010/3/12,90.65,136.52,124.01,88.47,84.83,12.74,16.67,15.47,83.03,63.44,12.23,240.83
2010/3/15,90.8,137.77,124.88,89.27,85.68,12.86,16.78,15.56,83.17,63.78,12.28,241.1
2010/3/16,90.26,135.87,123.36,88.49,84.99,12.69,16.58,15.38,82.32,63.48,12.18,239.73
2010/3/17,90.45,137.69,124.53,89.22,85.69,12.8,16.74,15.52,83.04,64.43,12.29,240.3
2010/3/18,90.39,138.39,124.05,89.4,85.68,12.75,16.68,15.5,83.37,64.49,12.39,240.08
2010/3/19,90.5,138,123.29,89.25,85.6,12.71,16.57,15.42,83.35,64.64,12.38,240.44
2010/3/23,90.29,136.23,122.31,88.65,85.28,12.55,16.44,15.21,82.81,63.76,12.31,239.75
2010/3/24,90.46,135.88,121.92,88.98,85.59,12.56,16.39,15.2,83.09,63.76,12.32,240.27
2010/3/25,91.84,136.9,122.49,89.83,85.77,12.63,16.47,15.22,83.73,64.62,12.44,243.93
2010/3/26,92.45,137.24,123.03,90.35,86.26,12.72,16.54,15.22,83.92,65.15,12.38,245.62
2010/3/29,92.48,137.92,124.25,90.18,86.85,12.76,16.7,15.32,83.76,65.18,12.5,245.63
2010/3/30,92.2,138.13,124.25,90.18,86.74,12.72,16.7,15.46,84.57,65.41,12.48,244.89
2010/3/31,93.04,140.4,124.9,91.4,87.28,12.78,16.78,15.56,85.24,66.08,12.64,247.18
2010/4/1,93.41,142.12,126.38,92.14,88.83,12.97,16.97,15.74,85.75,66.24,12.85,248.1
2010/4/2,93.83,143.32,127.32,92.95,88.89,13.09,17.11,15.86,86.37,66.42,12.99,249.22
2010/4/5,94.42,144.19,127.7,93.73,89.1,13.18,17.15,15.93,87.02,66.76,13,250.85
2010/4/6,94.27,143.83,126.79,93.89,88.52,13.11,17.03,15.84,86.61,66.29,13.06,250.45
2010/4/7,93.78,142.97,125.42,93.64,87.6,13.01,16.85,15.71,86.92,66.13,12.96,249.15
2010/4/8,93.4,142.3,124.6,92.94,86.91,12.87,16.74,15.63,86.6,66.04,12.83,248.14
2010/4/9,93.63,143.15,125.13,93.48,87.26,12.96,16.82,15.75,86.97,66.26,12.89,248.75
2010/4/12,93.09,143.64,126.92,92.81,87.88,13.05,17.05,15.92,87.07,66.79,12.89,247.32
2010/4/13,93.02,142.77,126.28,92.67,87.76,12.94,16.97,15.8,86.16,66.32,12.77,247.13
2010/4/14,93.37,143.98,127.37,93.3,88.72,13.08,17.12,15.93,86.95,66.41,12.8,248.06
2010/4/15,93.41,144.72,127.54,93.57,88.8,13.12,17.14,15.97,87.4,66.84,12.8,248.17
2010/4/16,92.92,143.43,125.88,92.52,87.85,12.98,16.91,15.86,86.64,66.12,12.67,246.87
2010/4/19,92.11,140.9,124.09,90.85,86.56,12.8,16.68,15.57,85.08,65.41,12.45,244.65
2010/4/20,92.61,142.03,124.91,91.35,87.11,12.92,16.79,15.68,85.7,65.68,12.47,245.98
2010/4/21,93.08,142.75,124.83,93.32,86.99,12.99,16.78,15.75,86.54,66.05,12.63,247.36
2010/4/22,92.89,143.24,124.34,92.99,86.77,12.93,16.71,15.72,86.17,65.98,12.54,246.79
2010/4/23,93.4,143.34,123.57,93.19,86.23,12.86,16.61,15.7,86.48,66.38,12.49,248.14
2010/4/26,94.21,145.37,126.14,94.31,87.84,13.14,16.95,16.01,87.38,67.76,12.7,250.29
2010/4/27,93.8,144.74,125.44,93.73,87.42,13.11,16.86,15.99,87.12,67.73,12.76,249.2
2010/4/28,93.06,141.88,122.52,91.69,85.53,12.76,16.46,15.64,85.27,66.27,12.49,247.24
2010/4/30,94.07,144.24,124.49,93.59,86.8,12.98,16.73,15.91,87.45,68.12,12.76,249.92
2010/5/6,93.67,141.77,120.19,90.87,83.88,12.37,16.15,15.41,85.08,68.1,12.3,248.86
2010/5/7,91.52,136.16,115.35,87.04,82.03,11.75,15.51,14.64,81.03,65.02,11.83,243.15
2010/5/10,92.35,137.11,118.6,89.16,83.52,12.17,15.94,14.94,82.87,66.2,12.16,245.35
2010/5/11,93,137.95,118.75,90.71,83.82,12.35,15.96,15.13,83.83,67.03,12.35,247.08
2010/5/12,92.82,138.23,117.19,90.99,83.38,12.15,15.75,14.98,83.1,66.59,12.36,246.6
2010/5/13,93.2,138.14,117.69,91.49,83.93,12.34,15.82,15.15,83.38,66.64,12.5,247.61
2010/5/14,92.77,135.45,116.24,90.74,82.96,12.16,15.62,14.99,83.08,66.11,12.39,246.47
2010/5/17,92.25,133.23,113.85,88.97,81.31,11.88,15.31,14.77,81.47,65.12,12.17,245.02
2010/5/18,92.58,133.59,114.28,89.45,81.53,11.96,15.36,14.82,81.05,64.44,12.27,245.9
2010/5/19,91.65,130.7,111.5,87.82,79.62,11.65,14.99,14.38,78.21,62.72,11.88,243.49
2010/5/20,91.87,132.27,113.4,87.91,79.6,11.73,15.25,14.32,77.77,62.51,11.83,244.08
2010/5/21,90,129.14,112.76,84.06,78.25,11.33,15.15,13.79,73.64,60.06,11.34,239.11
2010/5/24,90,129.99,112.57,84.51,78.13,11.46,15.13,13.84,74.13,60.4,11.44,239.11
2010/5/25,90.15,129.49,110.99,84.41,77.74,11.39,14.9,13.79,74.08,60.38,11.43,239.51
2010/5/26,90.21,129.82,111.08,84.18,77.88,11.36,14.93,13.76,74.33,60.03,11.51,239.67
2010/5/27,90.05,129.7,109.79,84.25,77.76,11.26,14.76,13.73,74.38,59.95,11.63,239.24
2010/5/28,91.23,132.85,112.48,86.79,79.07,11.57,15.12,14.15,77.55,62.28,12.05,242.38
2010/5/31,91.31,131.83,112.18,86.73,78.84,11.66,15.08,14.07,77.25,62.01,11.97,242.59
2010/6/1,90.96,131.71,111.43,86.89,78.62,11.59,14.98,14.01,76.47,61.59,11.82,241.66
2010/6/2,91.33,134.27,111.74,86.79,79.07,11.67,15.03,14.1,76.22,61.89,11.82,242.64
2010/6/3,92.14,135.03,113.01,88.64,79.86,11.85,15.19,14.29,77.68,62.89,12.04,244.79
2010/6/4,92.78,135.84,112.93,89.16,80.34,11.81,15.18,14.35,78.45,63.58,12.13,246.43
2010/6/7,91.16,131.41,108.48,85.39,78.25,11.28,14.59,13.66,73.98,60.42,11.65,242.12
2010/6/8,91.65,132.7,109.43,86.65,78.89,11.32,14.72,13.71,74.73,60.53,11.71,243.43
2010/6/9,91.32,131.6,109.02,86.91,79.13,11.29,14.66,13.7,75.1,60.66,11.78,242.55
2010/6/10,91.24,132.47,109.16,87.33,79.37,11.34,14.67,13.75,75.61,61.2,11.72,242.34
2010/6/11,91.67,134.85,111.03,88.82,80.15,11.61,14.93,14.11,77.75,62.77,11.89,243.41
2010/6/14,91.78,133.89,111.71,89.05,80.05,11.64,15.02,14.26,78.55,63.5,11.94,243.77
2010/6/15,91.71,135.34,112.12,88.86,80.36,11.65,15.08,14.25,78.76,63.81,11.95,243.59
2010/6/16,91.67,135.67,112.83,89.33,80.89,11.81,15.18,14.39,79.25,63.95,12.08,243.48
2010/6/17,91.34,134.16,112.1,88.9,80.75,11.69,15.08,14.24,78.7,63.62,11.98,242.6
2010/6/18,90.82,134.53,112.39,88.26,81.73,11.76,15.12,14.26,78.72,63.88,11.94,241.22
2010/6/21,90.55,134.39,112.46,88.98,81.92,11.79,15.12,14.32,79.77,64.48,12.13,240.5
2010/6/22,90.99,134.24,112.17,88.84,82.05,11.76,15.07,14.16,79.88,64.45,12.11,241.67
2010/6/23,90.51,134.05,110.91,87.87,81.61,11.6,14.91,13.97,78.78,63.66,11.94,240.33
2010/6/24,89.94,134.82,110.85,86.59,81.47,11.62,14.91,13.89,78.82,64.24,11.95,238.82
2010/6/25,89.7,133.88,110.38,85.99,81.21,11.5,14.83,13.79,77.69,63.34,11.81,238.18
2010/6/28,89.32,134.52,110.69,86.31,81.94,11.59,14.87,13.88,78.32,63.77,11.76,237.17
2010/6/29,89.36,134.99,109.73,86.3,82.2,11.54,14.73,13.91,77.89,63.16,11.78,237.22
2010/6/30,88.51,133.11,107.79,83.82,81.73,11.35,14.47,13.59,75.11,61.12,11.53,234.96
2010/7/1,88.47,132.22,107.95,83.09,82.24,11.34,14.51,13.56,74.36,60.63,11.55,234.92
2010/7/2,87.89,133.32,109.97,83.08,82.85,11.44,14.76,13.7,74.55,60.97,11.41,233.38
2010/7/5,87.89,133.32,110.15,82.71,82.5,11.47,14.79,13.61,73.96,60.56,11.39,233.38
2010/7/6,87.48,131.95,109.17,81.93,82.03,11.33,14.65,13.53,72.82,59.75,11.26,232.29
2010/7/7,87.6,132.7,110.45,83.03,82.55,11.53,14.82,13.7,74.61,60.72,11.47,232.61
2010/7/8,88.06,133.81,111.48,84.11,83.91,11.66,14.96,13.8,76.3,62.06,11.55,233.83
2010/7/9,88.57,134.08,112.27,84.79,84.26,11.78,15.06,13.91,77.57,62.66,11.71,235.18
2010/7/12,88.99,133.82,112.23,86.32,84.14,11.86,15.04,13.95,77.95,63.05,11.71,236.3
2010/7/13,88.81,133.57,111.98,85.89,83.72,11.88,15.02,14.02,77.95,63.29,11.71,235.82
2010/7/14,88.94,135.22,112.98,86.26,84.24,12.02,15.15,14.24,78.6,63.88,11.81,236.17
2010/7/15,88.22,134.41,112.12,85.1,83.76,11.95,15.06,14.13,77.55,63.49,11.65,234.25
2010/7/16,87.45,134.87,112.96,84.14,83.87,12.01,15.16,14.17,77.08,63.23,11.59,232.21
2010/7/20,86.96,132.47,112.53,82.61,82.47,11.8,15.1,13.79,75.79,61.5,11.38,230.91
2010/7/21,87.24,133.2,112.54,83.56,82.93,11.86,15.1,13.97,76.99,62.51,11.56,231.65
2010/7/22,86.65,131.47,110.41,82.51,82.52,11.68,14.82,13.77,75.91,61.56,11.48,230.08
2010/7/23,87.15,133.03,112.41,83.94,83.54,11.94,15.09,14.13,77.9,63.3,11.7,231.47
2010/7/26,87.7,135.26,113.26,84.51,83.25,11.99,15.2,14.22,78.6,63.77,11.83,232.93
2010/7/27,86.95,134.62,112.9,84.2,82.81,11.93,15.15,14.13,78.34,63.72,11.85,230.88
2010/7/28,87.7,136.51,113.79,84.65,82.59,12.01,15.28,14.21,79.07,64.21,11.96,232.87
2010/7/29,87.34,136.2,113.4,84.05,82.59,11.94,15.22,14.18,78.1,63.05,11.86,231.92
2010/7/30,86.69,135.29,113.17,83.7,83.4,11.98,15.19,14.21,77.96,62.5,11.81,230.19
2010/8/2,86.69,136.36,113.38,84.41,83.24,12.05,15.22,14.31,78.85,63.26,11.89,230.19
2010/8/3,86.56,137.52,113.99,84.61,83.31,12.21,15.3,14.5,78.98,63.45,11.84,229.85
2010/8/4,85.58,136.41,113.12,83.57,82.28,12.08,15.18,14.35,78.07,62.71,11.78,227.24
2010/8/5,86.34,137.2,113.61,84.86,81.93,12.1,15.26,14.42,79.19,62.96,11.88,229.26
2010/8/6,85.95,136.47,113.27,84.5,82.1,12.06,15.2,14.36,78.61,62.68,11.86,228.23
2010/8/9,85.41,136.28,113.43,83.11,82.25,12.07,15.22,14.36,78.36,62.49,11.8,226.79
2010/8/10,86.01,136.31,113.46,83.61,81.88,12.08,15.23,14.33,78.7,62.56,11.94,228.39
2010/8/11,85.37,134.8,111.95,82.7,81.15,11.85,15.02,14.09,77.62,61.49,11.82,226.69
2010/8/12,85.19,133.5,109.7,81.4,80.53,11.57,14.73,13.79,76.53,60.71,11.66,226.21
2010/8/13,86.14,134.31,110.58,82.66,82.06,11.66,14.84,13.95,77.33,61.36,11.79,228.73
2010/8/16,85.84,133.42,109.41,82.29,81.58,11.48,14.68,13.83,76.28,60.29,11.7,227.99
2010/8/17,85.23,133.36,109.25,81.73,82.13,11.56,14.67,13.84,76.43,60.1,11.7,226.31
2010/8/18,85.51,133.06,109.96,82.83,81.98,11.67,14.76,13.93,77.4,60.87,11.76,227.12
2010/8/19,85.64,133.3,109.68,83.31,82.04,11.59,14.72,13.85,76.85,61.07,11.79,227.4
2010/8/20,85.4,133.04,109.32,82.1,82.73,11.56,14.67,13.79,76.1,60.36,11.68,226.77
2010/8/23,85.51,133.05,108.6,81.52,82.63,11.52,14.58,13.7,76.07,60.4,11.69,227.06
2010/8/24,85.13,131.92,107.56,80.66,81.72,11.46,14.44,13.62,75.76,60.11,11.56,226.05
2010/8/25,84.33,130.06,106.68,79.56,81.79,11.29,14.32,13.39,74.61,59.39,11.47,223.92
2010/8/26,84.7,131.05,107.2,79.93,82.19,11.38,14.39,13.44,74.96,59.29,11.58,224.97
2010/8/27,84.38,130.94,107.12,79.71,82.46,11.38,14.39,13.38,74.77,59.27,11.54,224.12
2010/8/30,85.72,133.18,109.16,81.62,83.22,11.64,14.66,13.74,77.34,61.01,11.76,227.68
2010/8/31,84.54,130.66,106.86,79.67,82.56,11.4,14.35,13.42,75.44,59.38,11.51,224.54
2010/9/1,84.31,129.35,106.81,79.16,82.9,11.41,14.35,13.36,75.23,58.96,11.43,223.87
2010/9/2,84.43,130.33,108.11,80.25,83.09,11.58,14.52,13.65,76.75,60.11,11.56,224.19
2010/9/3,84.34,129.9,108.09,80.06,83.23,11.64,14.52,13.72,76.81,60.27,11.67,223.95
2010/9/6,84.4,130.29,108.66,81.19,82.96,11.69,14.6,13.81,77.23,60.8,11.76,224.11
2010/9/7,84.25,129.43,107.81,81.22,83.36,11.6,14.48,13.72,77.06,60.79,11.65,223.65
2010/9/8,83.85,128.84,106.44,80.01,82.92,11.44,14.3,13.5,76.54,60.33,11.51,222.65
2010/9/9,83.94,129.8,106.79,80.97,82.94,11.55,14.35,13.57,77.12,60.61,11.61,222.89
2010/9/10,84.13,129.68,106.67,81.49,82.82,11.55,14.33,13.59,77.72,61.05,11.65,223.45
2010/9/13,84.21,129.64,107.57,81.59,82.76,11.73,14.45,13.72,78.42,61.56,11.75,223.61
2010/9/14,83.43,128.36,107.24,81.06,82.78,11.67,14.4,13.66,77.82,60.85,11.69,221.59
2010/9/15,83.05,129.03,108,80.89,83.42,11.74,14.51,13.75,78.18,60.99,11.76,220.53
2010/9/16,85.62,133.82,111.2,83.33,85.47,12.06,14.94,14.03,80.29,62.16,12.05,227.35
2010/9/17,85.85,133.93,112.12,83.56,84.46,12.17,15.06,14.07,80.42,62.2,12.03,227.96
2010/9/21,85.72,133.35,111.96,83.3,85.38,12.28,15.04,14.17,81.05,62.34,12.05,227.62
2010/9/22,84.84,132.67,112.91,82.9,85.16,12.4,15.16,14.3,81.34,62.59,12.03,225.28
2010/9/24,84.55,132.52,112.54,81.75,85.68,12.23,15.11,14.19,80.19,61.6,11.97,224.51
2010/9/27,84.3,133.4,113.58,82.28,85.62,12.39,15.25,14.35,80.98,62.03,12.01,223.84
2010/9/28,84.33,133.46,113.31,81.87,85.55,12.31,15.21,14.29,80.91,61.9,12.03,223.92
2010/9/29,83.95,132.74,114,81.52,86.01,12.41,15.3,14.35,81.26,62.06,12.07,222.92
2010/9/30,83.82,132.68,114.21,81.2,85.84,12.48,15.34,14.33,81.4,61.78,12.05,222.57
2010/10/1,83.54,131.42,113.99,81.16,85.14,12.42,15.3,14.24,80.86,61.48,12,221.83
2010/10/4,83.43,131.85,114.74,81.77,85.46,12.41,15.4,14.25,80.99,61.96,12.02,221.53
2010/10/5,83.55,132.15,114.19,81.66,85.94,12.31,15.32,14.22,80.84,61.77,11.94,221.91
2010/10/6,83.21,132.32,115.13,81.88,86.09,12.4,15.45,14.32,80.77,62.17,12.06,220.95
2010/10/7,82.97,131.63,115.5,82.05,86.25,12.37,15.5,14.4,81.67,62.47,12.1,220.31
2010/10/8,82.49,130.99,114.71,80.94,85.35,12.36,15.39,14.15,80.84,61.8,11.98,219.04
2010/10/12,82.28,130.63,114.02,81.15,85.27,12.32,15.29,14.05,80.72,61.73,11.97,218.48
2010/10/13,81.8,129.05,113.96,80.97,85.49,12.3,15.29,14,80.71,61.82,11.94,217.21
2010/10/14,81.59,130.15,114.53,81.49,85.35,12.39,15.36,14.16,81.27,62.2,12,216.65
2010/10/15,81.59,130.49,114.41,81.17,85.43,12.4,15.35,14.16,80.84,61.75,11.95,216.65
2010/10/18,81.3,129.81,113.19,80.07,84.73,12.22,15.18,13.98,80.25,61.19,11.88,215.88
2010/10/19,81.25,129.3,113.5,79.86,84.66,12.23,15.22,13.94,80.7,61.6,11.82,215.75
2010/10/20,81.39,127.63,111.79,78.82,83.83,11.95,14.99,13.69,78.95,60.48,11.72,216.12
2010/10/21,81.11,128.45,113.1,79.21,84.11,12.21,15.16,13.91,79.92,61.04,11.69,215.37
2010/10/22,81.26,127.54,113.02,79.16,83.73,12.17,15.16,13.87,79.61,60.71,11.66,215.77
2010/10/25,81.17,127.54,113.64,79.27,83.2,12.33,15.24,14.05,80.33,60.86,11.73,215.53
2010/10/26,80.73,127,112.66,79.19,83.12,12.28,15.11,13.93,80.07,60.77,11.67,214.37
2010/10/27,81.41,129.06,112.87,79.56,82.72,12.12,15.14,13.88,79.8,61.01,11.7,216.17
2010/10/28,81.7,129,112.8,79.51,82.65,12.1,15.12,13.88,79.7,61.11,11.56,216.94
2010/10/29,80.91,129.07,112.59,79.21,82.1,12.01,15.09,13.72,79,60.98,11.56,214.84
2010/11/1,80.61,129.36,112.51,79.13,81.8,12.16,15.09,13.8,79.38,61.65,11.52,214.05
2010/11/2,80.66,129.44,112.16,79.64,81.34,12.07,15.05,13.78,79.76,61.78,11.56,214.18
2010/11/4,81.19,130.65,114.53,80.43,83.46,12.32,15.37,13.99,81.42,63.69,11.82,215.59
2010/11/5,81,131.75,114.98,80.71,84.41,12.43,15.44,14.11,82.08,64.31,11.92,215.08
2010/11/8,81.24,131.42,114.19,81.26,84.42,12.33,15.32,14.14,82.44,64.3,11.98,215.72
2010/11/9,81.2,130.55,112.53,80.83,83.91,12.08,15.1,13.91,82,63.8,11.84,215.56
2010/11/10,81.79,131.05,112.58,81.27,84.42,12.1,15.11,13.98,82.21,63.44,11.89,217.18
2010/11/11,82.2,132.56,113.22,82.04,84.64,12.21,15.19,14.03,82.32,64.31,11.91,218.27
2010/11/12,82.42,132.91,112.54,82.17,84.56,12.06,15.1,13.89,82.4,64.36,11.9,218.85
2010/11/15,82.53,133.14,113.08,81.68,84.36,12.05,15.18,13.88,81.57,63.93,11.86,219.14
2010/11/16,83.19,133.53,113.01,82.36,84.46,12.1,15.16,13.9,81.83,64.06,11.9,220.9
2010/11/17,83.41,132.4,112.4,81.62,83.62,11.98,15.08,13.74,81.42,64.08,11.83,221.48
2010/11/18,83.26,132.48,112.95,81.43,84.1,12.04,15.16,13.83,81.77,64.21,11.89,221.08
2010/11/19,83.66,134.27,114.13,82.12,84.03,12.2,15.31,13.99,82.84,65.1,12.02,222.15
2010/11/22,83.57,133.72,114.84,82.33,84.25,12.24,15.41,14.04,82.83,65.28,12,221.91
2010/11/24,83.36,131.76,111.64,81.69,83.71,11.98,14.99,13.67,81.49,63.47,11.74,221.35
2010/11/25,83.42,131.56,111.14,82.44,83.8,12.02,14.91,13.69,81.91,63.26,11.8,221.51
2010/11/26,83.77,132.03,111.73,82.98,83.76,12.04,14.99,13.77,81.89,63.66,11.87,222.5
2010/11/29,84.14,131.06,111.12,82.34,83.92,11.96,14.91,13.63,81.01,62.89,11.81,223.42
2010/11/30,84.27,131.15,110.65,82.79,84.3,12.07,14.85,13.69,81.39,62.95,11.81,223.71
2010/12/1,83.7,130.34,108.74,81.59,83.42,11.92,14.59,13.48,80.11,62.19,11.77,222.19
2010/12/2,84.17,131.35,110.45,82.72,83.87,12.08,14.82,13.7,81.2,63.14,11.99,223.44
2010/12/3,83.78,130.57,110.63,83.44,84.35,12.13,14.85,13.76,81.79,63.34,12.14,222.46
2010/12/6,82.9,130.62,110.86,82.59,84.9,12.17,14.87,13.89,82.13,63.39,12.07,220.13
2010/12/7,82.61,129.76,109.78,82.08,84,12.06,14.73,13.76,81.64,62.78,11.99,219.36
2010/12/8,83.62,131.79,110.9,82.78,84.7,12.15,14.88,13.95,82.33,63.32,12.08,222.04
2010/12/9,83.98,132.76,111.43,83.15,85.25,12.24,14.94,13.97,82.72,62.87,12.14,223
2010/12/10,83.82,132.1,110.91,82.88,85.22,12.16,14.88,13.89,82.5,62.72,12.16,222.57
2010/12/13,83.95,132.57,110.76,83.09,85.49,12.13,14.86,13.96,82.72,62.79,12.22,222.92
2010/12/14,83.56,132.51,111.77,82.89,86.31,12.23,15,14.1,83.15,62.8,12.23,221.88
2010/12/15,83.87,132.15,112.02,83.25,87.21,12.31,15.03,14.21,83.51,62.91,12.32,222.7
2010/12/16,84.25,131.01,111.46,83.85,87.13,12.32,14.96,14.11,83.18,62.24,12.28,223.71
2010/12/17,84.06,131.39,111.39,83.63,87.21,12.36,14.95,14.13,83.31,62.36,12.29,223.21
2010/12/20,84.09,130.25,110.41,83.02,86.65,12.26,14.83,14.03,83.04,61.89,12.26,223.29
2010/12/21,83.74,129.88,109.88,82.26,86.87,12.21,14.75,14,83.17,62.1,12.24,222.36
2010/12/22,83.83,129.74,110.02,82.39,87.62,12.28,14.77,14.04,83.6,62.38,12.27,222.54
2010/12/24,83.19,128.44,109.01,82.35,86.78,12.15,14.62,13.95,83.53,62.3,12.33,220.9
2010/12/27,82.97,127.78,108.69,82.15,86.17,12.1,14.59,13.89,83.05,61.9,12.31,220.31
2010/12/28,82.72,127.99,109.5,82.25,86.48,12.21,14.7,14.01,83.38,62.12,12.32,219.59
2010/12/29,82.33,126.68,107.81,82.26,86.52,11.97,14.47,13.81,83.19,62.33,12.31,218.61
2010/12/30,81.44,126.41,107.83,81.44,86.33,11.97,14.47,13.8,83.06,62.6,12.27,216.19
2011/1/4,81.8,126.61,109.08,82.37,87.55,12.19,14.64,14.02,83.04,63.25,12.34,217.21
2011/1/5,82.04,127.77,109.05,82.2,86.56,12.18,14.63,13.97,82.59,62.99,12.3,217.84
2011/1/6,83.38,129.27,109.68,83.7,86.23,12.34,14.72,14.15,83.4,63.32,12.43,221.4
2011/1/7,83.36,128.94,108.4,83.58,86.37,12.16,14.55,14,82.83,63.18,12.27,221.35
2011/1/11,82.9,128.99,107.26,83.38,85.6,12.04,14.41,13.85,82.17,63.14,12.15,220.13
2011/1/12,83.32,130.04,108.2,84.21,85.51,12.19,14.52,14.02,82.03,63.34,12.12,221.18
2011/1/13,83.12,130.97,109.16,84.21,85.89,12.34,14.66,14.08,82.74,63.48,12.18,220.71
2011/1/14,82.81,131.25,110.44,83.7,85.88,12.34,14.83,14.12,82.6,63.93,12.11,219.89
2011/1/17,82.93,131.6,110.79,83.91,85.97,12.42,14.87,14.17,82.03,63.72,11.96,220.21
2011/1/18,82.77,131.6,109.76,83.74,85.74,12.3,14.74,14.11,81.99,63.82,12,219.84
2011/1/19,82.6,132.08,110.65,83.36,85.69,12.43,14.85,14.17,82.5,63.87,11.96,219.33
2011/1/20,82.17,131.14,110.48,82.45,85.85,12.4,14.82,14.1,81.88,62.93,11.75,218.19
2011/1/21,83.05,132.07,111.88,83.32,85.85,12.48,15.02,14.13,81.98,62.74,11.72,220.58
2011/1/24,82.72,132.2,112.47,83.19,86.2,12.54,15.09,14.21,81.7,62.66,11.72,219.71
2011/1/25,82.63,132,112.7,83.16,87.03,12.55,15.12,14.29,82.13,63.2,11.79,219.41
2011/1/26,82.24,129.89,112.41,82.43,87.23,12.6,15.08,14.27,81.89,63.02,11.66,218.37
2011/1/27,82,130.63,112.44,82.44,86.99,12.67,15.09,14.24,82.02,63.46,11.6,217.74
2011/1/28,82.77,131.67,113.66,83.14,87.53,12.86,15.25,14.29,81.96,63.86,11.74,219.72
2011/1/31,82.11,130.05,111.55,81.9,87.21,12.57,14.97,14.09,81.23,63.21,11.45,218.03
2011/2/1,82.04,131.78,112.49,82.11,87.01,12.75,15.1,14.22,81.81,63.38,11.43,217.84
2011/2/2,81.47,131.44,112.63,82.23,87.08,12.79,15.11,14.29,82.41,63.69,11.46,216.33
2011/2/3,81.63,132.2,112.71,82.63,86.78,12.72,15.12,14.28,82.62,63.13,11.41,216.76
2011/2/4,81.67,131.79,111.26,82.51,86.35,12.61,14.93,14.23,83.16,63.16,11.27,216.86
2011/2/7,82.28,132.54,111.71,83.31,86.22,12.7,14.98,14.29,83.32,63.38,11.31,218.48
2011/2/8,82.31,132.74,111.79,83.04,86.13,12.75,15,14.25,83.39,63.53,11.36,218.56
2011/2/9,82.31,132.22,112.17,82.72,85.37,12.8,15.05,14.27,83.58,63.54,11.41,218.56
2011/2/10,82.49,132.73,113.13,82.9,86.03,12.81,15.17,14.32,83.22,63.58,11.45,219.04
2011/2/14,83.26,133.49,112.57,84.42,85.52,12.82,15.1,14.2,83.53,63.1,11.45,221.08
2011/2/15,83.32,133.71,112.48,84.31,85.92,12.86,15.09,14.3,83.62,63.11,11.43,221.24
2011/2/16,83.73,135.15,113.09,84.63,86.65,12.94,15.17,14.39,83.55,63.01,11.42,222.33
2011/2/17,83.63,134.6,113.5,84.94,87.15,13.04,15.23,14.62,84.01,63.15,11.56,222.07
2011/2/18,83.37,134.88,113.47,84.65,87.73,13.03,15.23,14.63,84.36,63.35,11.62,221.32
2011/2/21,83.1,134.99,113.76,84.29,87.91,13.01,15.26,14.64,84.18,63.33,11.64,220.66
2011/2/22,82.95,134.3,113.15,84.34,87.62,12.86,15.17,14.56,83.55,62.67,11.59,220.26
2011/2/23,82.87,134.01,113.47,83.85,88.35,12.9,15.22,14.64,83.09,62.21,11.6,219.99
2011/2/24,82.31,133.7,113.39,83.39,88.59,12.91,15.21,14.64,82.74,61.41,11.57,218.5
2011/2/25,81.94,132.14,113.17,83.42,88.6,12.85,15.18,14.6,82.85,61.41,11.6,217.52
2011/2/28,81.7,131.43,112.1,83.51,88.01,12.69,15.04,14.44,82.87,61.46,11.64,216.88
2011/3/1,81.95,133.5,113.24,84.42,88.19,13,15.19,14.67,83.56,61.63,11.78,217.55
2011/3/2,81.92,133.16,112.81,84.05,88.29,12.92,15.13,14.61,83.06,61.23,11.73,217.47
2011/3/3,81.85,133.6,113.45,84.11,88.6,12.97,15.22,14.76,83.18,60.82,11.89,217.28
2011/3/4,82.37,134.16,114.93,84.66,88.37,13.04,15.42,14.8,83.42,60.95,11.91,218.72
2011/3/7,82.39,133.92,115.16,84.73,88.97,12.98,15.45,14.79,83.54,60.82,11.97,218.72
2011/3/8,82.27,133.29,114.9,84.48,88.82,12.96,15.41,14.82,83.31,60.69,11.96,218.4
2011/3/9,82.91,133.95,115.11,85.36,88.64,13.02,15.44,14.84,83.54,61.3,12.03,220.1
2011/3/10,82.83,134.25,115.24,85.47,89.1,13.11,15.45,14.89,83.73,61.06,12.07,219.94
2011/3/11,82.94,133.28,114.56,85.11,88.98,12.98,15.36,14.7,83.22,61.02,11.99,220.23
2011/3/14,82.11,131.94,114.35,84.28,88.3,12.97,15.33,14.68,83,60.79,11.87,218.03
2011/3/15,81.87,132.34,114.48,83.98,88.54,12.89,15.35,14.6,82.44,60.44,11.99,217.39
2011/3/16,81.1,130.34,113.27,82.46,88.3,12.64,15.19,14.32,80.62,59.37,11.63,215.35
2011/3/17,79.34,127,110.29,80.03,87.73,12.25,14.79,13.98,77.76,57.24,11.11,210.67
2011/3/18,81.38,131.1,113.98,82.75,89.66,12.66,15.28,14.41,80.47,58.85,11.54,216.09
2011/3/22,81.04,132.21,115.25,82.78,89.61,12.93,15.46,14.6,81.48,59.56,11.7,215.19
2011/3/23,81.06,132.53,114.81,82.5,89.68,12.8,15.4,14.49,81.64,59.86,11.74,215.24
2011/3/24,80.98,131.65,114.22,82.57,89.21,12.79,15.32,14.48,82.13,60.31,11.68,215.03
2011/3/25,81.03,130.62,114.87,82.99,89.22,12.82,15.41,14.6,82.65,60.8,11.79,215.16
2011/3/28,81.59,130.62,114.55,83.1,88.62,12.75,15.37,14.52,83.65,61.31,11.88,216.65
2011/3/29,81.66,130.63,115.03,83.51,89.14,12.79,15.43,14.6,83.6,61.3,11.88,216.83
2011/3/30,82.48,132.08,116.31,84.67,89.57,13.02,15.6,14.74,84.95,62.4,12.04,219.01
2011/3/31,83.15,133.89,117.53,85.67,90.58,13.17,15.76,14.94,86.09,63.4,12.19,220.79
2011/4/1,83.48,133.79,118.26,86.1,90.83,13.22,15.86,15.09,86.23,63.38,12.32,221.61
2011/4/4,84.13,135.68,119.78,87.34,90.93,13.38,16.06,15.35,87.52,64.72,12.56,223.39
2011/4/5,84.33,136.04,119.84,87.23,91.33,13.32,16.07,15.33,87.28,64.82,12.55,223.87
2011/4/6,85.18,139.06,121.3,88.39,92.1,13.49,16.27,15.58,88.06,65.56,12.67,226.18
2011/4/7,85.47,139.49,122.34,88.98,93.05,13.55,16.41,15.65,89.1,66.58,12.8,226.95
2011/4/8,85.17,139.09,121.88,88.9,93.02,13.49,16.35,15.59,89.24,66.28,12.8,226.22
2011/4/11,85,139.05,122.81,88.86,93.43,13.68,16.47,15.73,89.77,66.41,12.8,225.7
2011/4/12,84.31,137.66,121.52,88.02,93.05,13.4,16.29,15.38,88.28,65.96,12.6,223.93
2011/4/13,84.01,136.67,121.6,87.33,93.55,13.34,16.31,15.37,88.03,66.05,12.47,223.07
2011/4/14,83.73,136.34,120.76,86.82,93.23,13.37,16.19,15.34,87.72,65.98,12.31,222.33
2011/4/15,83.69,136.91,121.26,87.09,93.71,13.48,16.26,15.51,88.29,66.5,12.24,222.17
2011/4/18,83.17,135.59,119.59,86.56,93,13.39,16.03,15.42,87.68,66.02,12.2,220.84
2011/4/19,82.69,134.53,117.72,85.74,92.32,13.15,15.79,15.12,86.73,65.12,12.09,219.57
2011/4/20,82.8,135.13,119.01,86.73,92.09,13.34,15.95,15.29,87.55,65.56,12.18,219.86
2011/4/21,82.33,135.12,119.89,86.65,92.7,13.48,16.08,15.4,88.37,65.78,12.15,218.67
2011/4/22,81.83,135.16,119.16,85.87,92.34,13.43,15.99,15.27,87.99,65.68,12.2,217.23
2011/4/25,82.21,135.8,119.93,86.3,92.96,13.54,16.09,15.39,88.52,65.99,12.26,218.3
2011/4/26,81.76,134.5,118.52,85.53,92.46,13.33,15.9,15.17,87.39,65.25,12.15,217.04
2011/4/27,81.52,134.61,119.63,85.76,93.5,13.4,16.05,15.41,88.08,65.86,12.22,216.46
2011/4/28,82.08,137.01,121.75,86.61,94.13,13.64,16.33,15.6,89.62,66.15,12.45,217.95
2011/5/2,81.19,135.76,120.43,85.84,93.94,13.49,16.15,15.51,89.17,65.53,12.4,215.59
2011/5/6,80.45,132.07,117.16,83.3,92.55,12.95,15.72,14.75,85.6,63.49,11.98,213.62
2011/5/9,80.71,132.16,116.05,83.79,92.06,12.86,15.57,14.66,86.63,63.82,12.04,214.31
2011/5/10,80.33,131.72,115.08,83.25,92.05,12.83,15.44,14.64,86.47,63.59,11.95,213.36
2011/5/11,80.96,132.47,116.56,84.65,91.94,13.02,15.63,14.94,87.95,64.33,12.01,214.98
2011/5/12,81.14,132.83,115.41,84.49,91.65,12.84,15.47,14.76,86.87,64.1,11.81,215.51
2011/5/13,81.03,131.8,115.18,84.07,91.49,12.86,15.46,14.7,86.41,64.34,11.74,215.16
2011/5/16,80.91,130.87,113.86,83.39,90.58,12.62,15.28,14.49,85.37,63.51,11.51,214.84
2011/5/17,81.01,131.21,114.67,83.05,91.57,12.76,15.38,14.55,85.72,63.22,11.61,215.17
2011/5/18,81.41,132.28,115.99,83.76,92.45,12.89,15.56,14.63,86.56,63.89,11.72,216.17
2011/5/19,81.68,132.04,116.66,84.32,92.78,13.02,15.65,14.78,87.11,64.56,11.86,216.95
2011/5/20,81.78,132.61,116.93,84.53,92.68,13.07,15.68,14.87,87.25,64.76,11.92,217.15
2011/5/23,81.86,132.72,115.59,84.01,93.19,12.93,15.5,14.73,86.94,64.95,11.83,217.37
2011/5/24,81.95,131.91,115,83.84,92.55,12.88,15.42,14.65,86.21,64.84,11.68,217.6
2011/5/25,82.13,132.71,115.56,83.95,93.24,12.94,15.5,14.74,86.52,65.35,11.74,218.14
2011/5/26,82.05,133.79,115.93,83.96,94.05,13.01,15.55,14.84,86.71,65.64,11.69,217.87
2011/5/27,81.23,133.15,114.92,82.94,93.82,12.92,15.41,14.77,86.42,65.69,11.68,215.75
2011/5/30,80.87,133.24,115.57,82.76,94.97,13.01,15.51,14.89,86.55,66.37,11.68,214.74
2011/5/31,80.82,133.54,116.17,82.87,95.37,13.08,15.59,14.98,86.92,66.41,11.72,214.66
2011/6/1,81.45,134.08,117.39,84.16,95.6,13.23,15.75,15.16,87.01,67.07,11.98,216.33
2011/6/2,81.1,132.55,116.34,83.01,96.12,12.99,15.61,14.92,86.07,66.15,11.89,215.41
2011/6/3,80.85,132.36,117.26,82.88,95.95,13.06,15.73,15.08,86.53,66.18,12.04,214.74
2011/6/6,80.28,132.03,117.63,82.12,96.35,13.11,15.78,15.07,86.41,65.61,12.02,213.23
2011/6/7,80.24,131.12,117,81.84,96.06,12.97,15.7,14.93,86.07,65.47,11.82,213.12
2011/6/8,80.19,131.76,117.62,82.2,95.73,13.05,15.77,14.98,85.67,65.59,11.9,212.99
2011/6/9,80.06,131.35,116.94,81.76,95.72,12.96,15.69,14.86,85.31,65.95,11.9,212.59
2011/6/10,80.35,131.56,116.81,82.53,95.55,12.91,15.67,14.86,85.49,66.39,11.91,213.36
2011/6/13,80.46,130.64,115.48,82.28,95.57,12.69,15.49,14.66,84.97,66.11,11.83,213.71
2011/6/14,80.23,131.26,115.39,82.15,95.81,12.67,15.47,14.75,84.88,65.34,11.82,213.09
2011/6/15,80.59,131.88,116.23,83.13,95.33,12.71,15.59,14.91,86.02,65.79,11.93,213.99
2011/6/16,80.91,131.14,114.8,82.74,94.9,12.5,15.39,14.6,85.64,65.13,11.83,214.9
2011/6/17,80.67,130.35,114.59,82.13,94.89,12.5,15.36,14.64,85.28,65.03,11.8,214.21
2011/6/20,80.22,129.57,114.43,81.71,94.3,12.47,15.34,14.5,85.03,64.96,11.85,213.07
2011/6/21,80.2,130.09,115.04,81.9,95.03,12.55,15.43,14.51,85.03,64.97,11.84,212.96
2011/6/22,80.29,130.15,115.38,82.54,95.27,12.61,15.47,14.57,85.11,65.32,11.94,213.2
2011/6/23,80.48,129.08,115.21,82.64,95.56,12.61,15.45,14.74,84.95,65.57,11.87,213.76
2011/6/24,80.55,128.97,114.88,82.29,96.1,12.51,15.41,14.77,84.96,65.56,11.82,213.89
2011/6/27,80.83,128.71,114.04,81.58,96.49,12.35,15.3,14.63,84.33,64.82,11.69,214.63
2011/6/28,80.75,129.05,115.39,81.91,96.7,12.55,15.48,14.78,84.5,65.01,11.76,214.42
2011/6/29,81.03,129.58,116.3,82.53,97.36,12.56,15.59,14.91,85.46,65.84,11.84,215.16
2011/6/30,80.73,129.78,116.79,83.4,96.93,12.77,15.66,15.02,86.45,66.84,11.89,214.37
2011/7/1,80.82,129.42,116.98,83.77,95.92,12.77,15.68,14.98,86.51,66.72,11.94,214.6
2011/7/4,80.75,129.78,117.5,84.18,95.29,12.94,15.75,15.08,87.02,66.92,11.99,214.42
2011/7/5,80.88,130.06,117.44,84.21,95.25,12.92,15.75,15.14,86.71,67.15,12.04,214.76
2011/7/6,80.97,130.06,116.91,84.11,96.37,12.89,15.67,15.09,86.58,66.97,12.01,215
2011/7/7,81.01,129.63,116,83.9,96.51,12.75,15.56,14.99,86.61,67,12.01,215.11
2011/7/8,81.31,129.86,116.7,84.79,96.27,12.87,15.65,15.13,87.58,67.7,12.18,215.91
2011/7/11,80.7,129.24,114.49,83.74,96.27,12.58,15.36,14.84,86.28,67.31,11.98,214.29
2011/7/12,80.24,127.63,112.51,82.81,96.02,12.23,15.08,14.5,85.31,66.09,11.75,213.12
2011/7/13,79.55,126.84,111.35,82.55,95.71,12.11,14.93,14.25,84.5,65.45,11.63,211.23
2011/7/14,78.76,127.21,112.1,82.22,96.96,12.21,15.04,14.31,84.83,66.82,11.6,209.13
2011/7/15,79.15,127.83,112.11,82.47,97.18,12.19,15.04,14.28,85.05,66.76,11.58,210.17
2011/7/19,79.06,127.09,111.69,82.51,96.89,12.07,14.98,14.19,84.13,66.81,11.34,209.93
2011/7/20,79.27,127.72,112.23,83.43,96.08,12.2,15.06,14.37,85.14,67.7,11.46,210.49
2011/7/21,78.85,127.44,112.39,83.23,95.9,12.31,15.08,14.42,84.8,67.56,11.5,209.37
2011/7/22,78.67,128.35,113.21,83.24,96.14,12.46,15.19,14.54,85.25,67.82,11.62,208.9
2011/7/25,78.41,127.8,112.76,82.42,96.39,12.37,15.13,14.5,84.86,67.77,11.53,208.2
2011/7/26,78.29,127.46,112.64,82.7,97.15,12.37,15.11,14.48,84.91,67.6,11.56,207.89
2011/7/27,77.92,128.04,113.18,82.58,97.19,12.5,15.18,14.59,85.44,68.01,11.67,206.9
2011/7/28,77.99,127.37,112.08,82.21,97.35,12.28,15.05,14.42,86.16,68.08,11.7,207.09
2011/7/29,77.86,127.32,111.4,81.9,97.07,12.29,14.96,14.4,85.62,67.63,11.57,206.8
2011/8/1,77.96,128.29,112.09,81.85,98.12,12.43,15.05,14.5,86,68.74,11.68,207.01
2011/8/2,77.44,126.36,110.52,81.04,98.88,12.28,14.84,14.43,85.26,67.9,11.52,205.68
2011/8/3,77.34,125.82,109.68,80.41,100.76,12.05,14.73,14.27,83.16,66.71,11.4,205.42
2011/8/4,77.18,126.83,110.78,80.25,100.18,12.21,14.87,14.42,83,66.65,11.49,204.99
2011/8/5,79.1,128.44,111.44,80.67,103.44,12.08,14.97,14.27,82.72,65.78,11.43,210.04
2011/8/8,78.12,128.26,111.87,79.6,102.49,12.07,15.01,14.24,81.42,65.46,11.25,207.43
2011/8/9,77.5,126.29,109.82,77.91,102.77,11.89,14.74,14.13,78.36,63.14,10.71,205.79
2011/8/10,77.13,125.75,110.7,78.46,106.62,11.98,14.86,14.14,79.75,64.3,10.84,204.81
2011/8/11,77.17,124.59,109.39,77.87,106.16,11.73,14.68,13.91,78.71,63.04,10.62,204.91
2011/8/12,76.99,124.89,109.28,78.04,100.89,11.81,14.67,13.87,79.62,63.68,10.69,204.43
2011/8/15,77.01,125.32,110.14,78,97.75,11.89,14.79,14.01,80.32,64.53,10.77,204.49
2011/8/16,76.91,125.87,111.02,78.3,97.92,11.99,14.9,14.13,80.53,63.82,10.85,204.22
2011/8/17,76.81,126.18,110.37,78.11,96.66,11.99,14.82,14.11,80.39,64.01,10.75,203.96
2011/8/18,76.69,126.66,110.49,78.11,96.98,12.1,14.84,14.23,80.81,64.13,10.81,203.69
2011/8/19,76.93,126.84,110.2,77.63,96.77,11.93,14.8,14.04,79.71,63.07,10.69,204.28
2011/8/22,76.75,126.5,110.26,77.49,97.51,12,14.81,14.02,79.84,62.86,10.66,203.8
2011/8/23,76.83,126.5,110.33,77.58,97.29,12.07,14.81,14.09,79.92,63.15,10.64,204.01
2011/8/24,76.89,126.8,110.82,77.75,96.85,12.15,14.88,14.15,80.76,63.9,10.71,204.17
2011/8/25,77,126.03,110.92,77.94,96.79,12.16,14.89,14.17,80.59,63.73,10.61,204.52
2011/8/26,77.45,126.19,111.54,78.49,97.59,12.28,14.98,14.32,81.31,64.33,10.7,205.71
2011/8/29,76.76,125.49,111.08,78.21,94.85,12.18,14.91,14.3,81.28,64.52,10.75,203.88
2011/8/30,76.92,126.19,111.63,78.77,94.01,12.22,14.98,14.4,82.11,65.49,10.92,204.25
2011/8/31,76.73,125.15,110.68,78.33,93.72,12.05,14.86,14.31,81.86,65.33,10.85,203.74
2011/9/1,77.01,125.04,110.56,78.68,95.5,12.14,14.85,14.35,82.29,65.57,11.02,204.49
2011/9/2,76.97,124.66,109.91,78.85,96.88,12.03,14.76,14.27,82.57,65.6,11.02,204.38
2011/9/5,76.82,124.16,108.65,77.79,97.18,11.95,14.59,14.18,81.26,64.71,10.86,203.98
2011/9/6,76.96,123.81,108.27,77.64,98.03,11.89,14.54,14.12,81.02,63.84,10.77,204.35
2011/9/7,77.48,123.53,108.6,78.28,90.02,12.01,14.58,14.41,81.61,63.99,10.82,205.74
2011/9/8,77.38,123.47,108.83,78.53,90.1,12.14,14.61,14.35,82.34,64.47,10.85,205.47
2011/9/9,77.57,123.95,107.95,78.51,88.94,12.1,14.5,14.36,82.33,64.81,10.82,205.97
2011/9/12,77.58,123.05,105.41,77.7,87.42,11.82,14.16,13.96,80.67,63.4,10.63,206
2011/9/13,77.16,122.24,105.21,77.7,87.35,11.49,14.13,13.69,79.68,63.41,10.41,204.89
2011/9/14,76.95,121.55,105.4,78.11,87.52,11.57,14.16,13.72,79.77,63.55,10.56,204.27
2011/9/15,76.7,120.91,105.39,77.43,87.52,11.45,14.15,13.55,78.86,62.76,10.34,203.72
2011/9/16,76.82,121.27,106.38,77.95,88.17,11.64,14.29,13.79,79.15,63.14,10.39,203.98
2011/9/20,76.65,120.18,104.53,77.3,86.66,11.44,14.04,13.47,78.11,62.94,9.94,203.59
2011/9/21,76.26,120.02,104.52,76.81,85.97,11.55,14.04,13.55,78.3,62.69,9.89,202.5
2011/9/22,76.75,118.89,104.08,76.01,85.16,11.32,13.98,13.37,77.06,61.25,9.37,203.85
2011/9/26,76.64,118.44,102.94,74.34,84.3,11.05,13.84,13.08,74.92,59.38,9.42,203.51
2011/9/27,76.32,118.56,102.88,74.36,84.51,11.18,13.83,13.21,74.68,59.33,9.47,202.71
2011/9/28,76.48,119.52,103.79,74.69,85.13,11.31,13.95,13.25,75.55,60.13,9.72,203.08
2011/9/29,76.46,118.98,103.48,73.87,84.88,11.22,13.91,13.17,74.4,59.1,9.63,203.03
2011/9/30,76.63,119.73,104.04,73.92,85.36,11.26,13.99,13.22,75.14,58.93,9.6,203.53
2011/10/3,77.15,120.15,102.99,73.58,84.83,11.19,13.85,13.11,74.63,58.75,9.51,204.86
2011/10/4,76.75,118.46,101.22,72.77,83.41,11.08,13.6,12.99,72.8,57.57,9.28,203.85
2011/10/5,76.75,118.37,101.9,72.64,83.41,11.15,13.7,12.99,73,58.12,9.43,203.85
2011/10/6,76.8,118.79,102.47,73.71,83.17,11.2,13.76,13.13,74.15,58.83,9.62,203.93
2011/10/7,76.72,118.34,102.83,73.85,83.29,11.25,13.82,13.15,74.77,59.14,9.68,203.77
2011/10/11,76.74,120.05,104.59,74.7,84.8,11.53,14.06,13.46,76.55,60.03,9.77,203.77
2011/10/12,76.71,119.32,104.38,74.36,84.29,11.46,14.02,13.43,76.09,59.64,9.65,203.75
2011/10/13,77.18,121.56,106.44,75.8,86.14,11.67,14.3,13.72,78.82,61.44,9.86,204.94
2011/10/14,76.98,121.07,105.67,75.25,85.5,11.54,14.2,13.66,78.2,60.96,9.76,204.46
2011/10/17,77.3,122.1,107.11,76.41,86.56,11.75,14.39,13.9,79.75,62.1,9.85,205.26
2011/10/18,76.88,121.24,105.8,75.23,85.73,11.56,14.22,13.68,78.33,61,9.63,204.14
2011/10/19,76.69,120.57,105.57,75.61,85.43,11.56,14.18,13.65,78.66,60.91,9.6,203.69
2011/10/20,76.87,121.22,105.78,75.45,85.13,11.61,14.21,13.69,78.77,61,9.54,204.12
2011/10/21,76.86,121.29,105.79,75.6,85.93,11.6,14.22,13.7,78.64,61.03,9.41,204.14
2011/10/24,76.38,121.72,105.73,75.72,86.47,11.57,14.21,13.73,79.02,61.31,9.47,202.87
2011/10/25,76.25,121.92,106.04,75.9,86.58,11.64,14.25,13.8,79.74,61.4,9.69,202.42
2011/10/26,76.13,121.93,105.93,74.8,86.71,11.62,14.23,13.78,78.95,60.65,9.61,202.1
2011/10/27,76.28,121.86,106.05,76.06,86.58,11.7,14.25,13.84,79.41,61.07,9.59,202.5
2011/10/28,75.99,122.25,107.72,76.61,88.23,11.98,14.48,14.05,81.44,62.61,9.84,201.73
2011/10/31,75.76,122.12,107.17,76.28,87.86,11.88,14.4,13.95,80.99,62.22,9.8,201.17
2011/11/1,78.34,125.96,108.49,78.43,89.13,12.02,14.57,14.11,82.66,63.46,9.84,207.96
2011/11/2,78.3,124.89,107.09,76.64,88.17,11.83,14.39,13.81,80.6,62,9.66,207.86
2011/11/4,78.08,124.97,107.78,77.3,88.78,11.87,14.48,13.94,81.2,62.04,9.89,207.33
2011/11/7,78.16,125.22,107.7,76.77,87.84,11.89,14.48,13.94,81.21,62.31,9.89,207.49
2011/11/8,78.09,125.36,107.37,76.97,86.33,11.9,14.42,13.93,80.83,62.15,9.82,207.3
2011/11/9,77.71,125.12,107.46,77.03,86.9,11.89,14.43,13.9,80.73,61.99,9.91,205.91
2011/11/10,77.85,123.91,105.32,76.03,85.5,11.63,14.15,13.57,78.8,60.7,9.66,206.66
2011/11/11,77.6,123.5,105.44,76.19,85.53,11.59,14.17,13.59,78.59,60.23,9.7,206
2011/11/14,77.25,124.06,106.29,76.37,85.77,11.7,14.29,13.74,79.57,60.9,9.8,205.07
2011/11/15,77.15,122.75,105.14,75.88,84.87,11.53,14.13,13.5,78.86,59.86,9.64,204.8
2011/11/16,77.1,121.84,104.14,75.37,83.98,11.44,13.99,13.4,78.22,59.36,9.43,204.67
2011/11/17,77.06,120.97,103.5,75.11,83.54,11.29,13.91,13.27,77.45,58.85,9.39,204.57
2011/11/18,77.03,121.31,103.64,74.84,83.57,11.31,13.93,13.25,76.99,58.48,9.38,204.49
2011/11/21,76.92,121.16,104.09,74.75,83.83,11.34,13.98,13.28,76.7,58.05,9.41,204.19
2011/11/22,77,120.54,103.9,74.1,83.98,11.31,13.96,13.28,75.95,57.63,9.24,204.41
2011/11/24,77.11,119.77,102.97,73.61,83.86,11.16,13.85,13.16,74.88,57.13,8.98,204.7
2011/11/25,77.37,119.65,103.02,73.77,83.96,11.13,13.86,13.13,75.04,57.32,9.08,205.5
2011/11/28,77.67,120.3,103.19,74.53,83.62,11.15,13.88,13.17,76.26,58.2,9.17,206.19
2011/11/29,78.21,121.12,103.97,75.53,84.62,11.21,13.98,13.24,77.37,58.84,9.32,207.62
2011/11/30,78.13,121.92,104.15,75.74,84.9,11.35,14.01,13.38,78.59,59.68,9.38,207.41
2011/12/1,77.66,121.85,104.36,76.22,84.94,11.48,14.04,13.46,79.33,60.38,9.56,206.16
2011/12/2,77.76,121.99,104.79,76.69,84.94,11.5,14.1,13.41,79.63,60.78,9.64,206.42
2011/12/5,78.1,121.89,104.7,76.8,84.78,11.58,14.09,13.51,79.94,60.9,9.78,207.33
2011/12/6,77.82,121.71,104.24,76.48,84.49,11.51,14.02,13.49,79.79,60.68,9.69,206.58
2011/12/7,77.7,121.22,104.16,76.98,83.95,11.55,14.01,13.52,79.76,60.65,9.69,206.32
2011/12/8,77.64,121.89,104.09,76.89,83.97,11.56,14,13.52,79.62,60.58,9.69,206.11
2011/12/9,77.74,121.55,103.77,76,84.03,11.47,13.96,13.44,79.11,60.08,9.44,206.43
2011/12/12,77.67,121.49,103.75,76.15,83.89,11.53,13.96,13.51,79.05,60.08,9.57,206.24
2011/12/13,77.97,121.58,102.76,75.91,83.16,11.34,13.82,13.36,78.48,59.46,9.43,207.04
2011/12/14,78.02,120.89,101.71,75.47,82.56,11.17,13.68,13.16,78.09,59.05,9.35,207.17
2011/12/15,78.07,120.8,101.4,75.11,81.9,11.17,13.65,13.06,77.27,58.5,9.28,207.3
2011/12/16,77.85,120.87,101.48,75.35,82.85,11.18,13.65,13,77.45,58.99,9.29,206.72
2011/12/19,77.9,120.74,101.43,74.88,83.08,11.24,13.65,13.07,77.43,59.16,9.27,206.85
2011/12/20,78.03,121.09,101.45,75.21,83.31,11.26,13.65,13.14,77.49,59.07,9.31,207.2
2011/12/21,77.89,122.06,102.1,75.81,83.71,11.38,13.74,13.24,78.75,59.99,9.5,206.82
2011/12/22,78.13,122.38,101.87,76.02,83.46,11.35,13.71,13.18,78.78,60.05,9.52,207.52
2011/12/26,77.95,121.56,101.72,76.24,83.24,11.33,13.69,13.07,79.18,60.35,9.55,206.98
2011/12/27,78.03,121.88,101.9,76.5,83.34,11.34,13.71,13.11,79.26,60.44,9.57,207.2
2011/12/28,77.83,121.99,101.75,76.35,83.33,11.37,13.69,13.06,79.01,60.14,9.57,206.72
2011/12/29,77.94,120.34,100.53,75.94,82.55,11.25,13.53,12.93,78.42,59.72,9.51,206.9
2011/12/30,77.73,119.78,100.68,76.21,82.67,11.28,13.55,12.97,79.11,60.15,9.52,206.4
2012/1/4,76.66,119.93,100,75.74,82.23,11.25,13.45,12.96,79.4,60.51,9.52,203.5
2012/1/5,76.75,119.85,99.29,75.74,81.51,11.23,13.35,12.92,79.39,60.4,9.45,203.74
2012/1/6,77.22,119.65,98.74,75.74,81.07,11.16,13.27,12.84,79.19,60.28,9.45,205.05
2012/1/10,76.89,118.87,98.13,75.17,81.02,11.14,13.2,12.82,78.87,60.6,9.43,204.22
2012/1/11,76.91,118.95,98.04,75.54,80.87,11.14,13.19,12.8,79.1,61.01,9.48,204.22
2012/1/12,76.92,117.87,97.77,75.49,80.66,11.1,13.15,12.73,79.3,61.29,9.52,204.3
2012/1/13,76.81,117.86,98.45,75.43,81.37,11.1,13.24,12.79,79.41,60.94,9.54,203.96
2012/1/16,76.84,117.54,97.16,75,80.49,10.96,13.07,12.67,78.9,60.9,9.42,204.04
2012/1/17,76.89,117.93,97.5,75.6,80.57,11.02,13.11,12.72,79.48,61.11,9.51,204.22
2012/1/18,76.78,117.71,97.93,75.62,80.98,11.11,13.18,12.74,79.76,61.45,9.56,203.93
2012/1/19,76.78,118.49,98.71,75.88,81.7,11.24,13.27,12.85,79.9,61.63,9.64,203.88
2012/1/20,77.14,119.51,100,76.22,82.72,11.43,13.45,13.05,80.36,61.92,9.75,204.89
2012/1/23,77.03,119.7,99.32,75.88,82.2,11.33,13.36,12.98,80.63,62.03,9.69,204.59
2012/1/24,77.01,119.91,100.26,76.42,83.11,11.42,13.49,13.14,81.1,62.52,9.7,204.54
2012/1/25,77.8,121.5,101.37,77.03,83.85,11.52,13.63,13.22,81.83,63.03,9.78,206.59
2012/1/26,77.78,121.77,101.84,77.42,84.31,11.54,13.7,13.31,82.45,63.59,9.88,206.53
2012/1/27,77.4,121.26,101.23,77.14,83.92,11.41,13.62,13.25,82.05,63.42,9.9,205.52
2012/1/30,76.79,120.68,101.29,76.59,84,11.36,13.63,13.22,81.49,63.17,9.87,203.96
2012/1/31,76.38,120.05,100.45,76.24,83.37,11.33,13.52,13.15,81.12,62.77,9.75,202.87
2012/2/1,76.19,120.05,99.58,75.96,82.75,11.19,13.4,12.99,80.83,62.87,9.76,202.31
2012/2/2,76.15,120.69,100.39,76.36,83.37,11.32,13.51,13.15,81.79,63.52,9.94,202.2
2012/2/3,76.24,120.49,100.15,76.25,83.05,11.32,13.47,13.08,81.65,63.43,9.98,202.5
2012/2/6,76.53,120.92,100.29,76.93,83.17,11.42,13.5,13.16,82.2,63.73,10.13,203.21
2012/2/7,76.56,121.13,100.44,76.84,83.3,11.39,13.51,13.16,82.07,63.9,10.14,203.29
2012/2/8,76.94,122.33,101.95,77.28,84.31,11.55,13.72,13.33,83.01,64.23,10.17,204.3
2012/2/9,77.12,121.86,102.03,77.31,84.31,11.59,13.73,13.38,82.97,64.24,10.17,204.78
2012/2/10,77.69,122.8,103.19,78.02,85.21,11.71,13.89,13.51,83.59,64.75,10.24,206.29
2012/2/13,77.72,122.52,102.65,77.63,84.84,11.68,13.83,13.54,83.09,64.49,10.12,206.37
2012/2/14,77.55,121.99,102.09,77.47,84.47,11.63,13.74,13.54,83.13,64.6,10.08,205.92
2012/2/15,78.53,123.19,103.02,78.55,85.33,11.75,13.86,13.68,83.92,65.49,10.16,208.52
2012/2/16,78.46,123.11,102.27,78.42,84.78,11.65,13.77,13.56,84.2,65.17,10.08,208.34
2012/2/17,78.95,124.82,103.63,79.2,85.9,11.75,13.94,13.79,84.95,66,10.18,209.69
2012/2/20,79.59,126.37,105.21,80.25,86.99,11.91,14.15,14.04,85.89,66.98,10.37,211.39
2012/2/21,79.75,126.2,105.42,80.15,87.36,11.95,14.18,14.04,85.56,66.85,10.39,211.82
2012/2/22,79.85,125.98,105.67,80.04,87.51,12,14.21,14.03,85.1,66.58,10.31,212.03
2012/2/23,80.35,125.83,106.36,80.33,88.18,12.06,14.31,14.21,85.29,66.43,10.39,213.36
2012/2/24,80.03,126.04,107.02,80.21,88.79,12.1,14.39,14.26,85.93,67.03,10.43,212.51
2012/2/27,81.26,128.98,109.37,81.2,90.76,12.41,14.71,14.6,86.7,67.8,10.71,215.77
2012/2/28,80.34,127.17,107.65,80.46,89.39,12.19,14.48,14.32,86.41,67.47,10.64,213.33
2012/2/29,80.68,128.49,108.65,81.17,90.21,12.33,14.62,14.52,87.15,67.88,10.78,214.23
2012/3/1,81.25,129.37,108.31,82.2,89.86,12.28,14.57,14.55,87.21,67.88,10.85,215.75
2012/3/2,81.3,129.72,108.29,82.46,89.78,12.29,14.57,14.6,87.81,68.21,10.93,215.94
2012/3/5,81.6,129.23,107.73,82.43,89.3,12.23,14.49,14.56,87.53,67.65,10.85,216.73
2012/3/6,81.55,129.45,107.83,82.04,89.45,12.19,14.51,14.54,87.14,67.04,10.8,216.6
2012/3/7,80.74,126.92,105.91,80.62,87.9,11.9,14.25,14.17,84.87,65.6,10.56,214.45
2012/3/8,81.28,127.81,106.78,81.37,88.61,11.97,14.36,14.37,85.8,66.29,10.72,215.83
2012/3/9,81.64,129.11,108.28,82.34,89.81,12.19,14.57,14.6,86.74,67.26,10.92,216.84
2012/3/12,82.33,128.94,107.86,83,89.43,12.09,14.51,14.41,86.78,67.31,10.87,218.61
2012/3/13,82.39,128.87,108.42,83.07,89.97,12.13,14.59,14.53,86.67,67.53,10.9,218.77
2012/3/14,83.19,130.6,108.71,84.07,89.98,12.27,14.63,14.57,87.59,68.28,11.04,220.9
2012/3/15,84,131.5,109.38,84.49,90.18,12.25,14.72,14.42,87.64,67.79,10.91,223.05
2012/3/16,83.56,131.17,109.3,84.19,90.46,12.31,14.7,14.44,87.91,68.45,10.98,221.88
2012/3/19,83.56,132.27,110,84.32,91.13,12.39,14.8,14.59,88.54,68.98,11.01,221.88
2012/3/21,83.65,132.76,110.95,84.49,91.99,12.45,14.92,14.55,87.82,68.51,11,222.12
2012/3/22,83.44,132.44,110.33,84.12,91.51,12.44,14.84,14.52,87.34,67.92,10.92,221.56
2012/3/23,82.74,130.85,109.18,82.81,90.57,12.21,14.68,14.29,86.04,67.08,10.75,219.7
2012/3/26,82.74,131.32,109.76,82.92,91.05,12.27,14.76,14.38,86.65,67.58,10.75,219.7
2012/3/27,82.92,132.38,110.76,83.61,91.83,12.45,14.9,14.62,87.27,68.24,10.93,220.18
2012/3/28,83.01,132.45,110.64,83.34,91.76,12.42,14.88,14.57,86.62,67.97,10.92,220.42
2012/3/29,82.75,131.53,110.26,82.89,91.47,12.44,14.83,14.44,85.8,67.67,10.78,219.73
2012/3/30,82.14,131.24,109.71,82.43,91,12.38,14.75,14.35,85.38,67.21,10.66,218.11
2012/4/2,83.19,133.1,111,83.47,92.17,12.61,14.92,14.65,86.71,68.27,10.89,220.9
2012/4/3,81.8,131.22,109.1,82.62,90.66,12.42,14.67,14.44,85.34,67.53,10.69,217.21
2012/4/4,82.88,131.71,109.63,83.56,91.04,12.49,14.74,14.49,85.43,67.75,10.71,220.07
2012/4/5,82.37,131.03,108.31,82.63,90.03,12.31,14.56,14.33,84.7,67.26,10.54,218.72
2012/4/6,82.38,130.38,107.54,82.93,89.51,12.21,14.46,14.24,84.88,67.25,10.53,218.75
2012/4/9,81.51,129.28,106.51,81.68,88.63,12.04,14.32,14.01,83.71,66.6,10.33,216.44
2012/4/10,81.83,130.18,107.3,82.13,89.29,12.13,14.42,14.18,84.42,67.14,10.38,217.29
2012/4/11,80.76,128.04,105.57,80.35,87.85,11.84,14.19,13.9,82.77,65.79,10.11,214.45
2012/4/12,81.02,128.97,106.24,80.72,88.35,11.92,14.29,13.95,83.56,66.38,10.15,215.14
2012/4/13,80.98,129.27,106.8,81.4,88.91,12.02,14.36,14.05,84.59,67.33,10.29,215.03
2012/4/16,80.98,128.19,105.41,81,87.67,11.88,14.17,13.95,83.62,66.4,10.16,215.03
2012/4/17,80.56,128.05,105.66,80.56,87.93,11.89,14.21,13.99,83.37,65.93,10.14,213.91
2012/4/18,81.07,129.23,106.5,82,88.66,11.98,14.32,14.11,84.46,66.68,10.4,215.21
2012/4/19,81.44,130.51,106.82,82.18,88.84,12.07,14.37,14.15,84.48,66.55,10.39,216.25
2012/4/20,81.66,131.1,107.42,82.09,89.31,12.13,14.43,14.21,84.44,66.54,10.4,216.83
2012/4/23,81.51,131.4,107.51,82.03,89.5,12.16,14.45,14.23,84.51,66.62,10.42,216.44
2012/4/24,81.17,130.84,106.74,81.86,88.83,12.01,14.35,14.14,83.79,65.97,10.34,215.53
2012/4/25,81.45,131.5,107.49,82.46,89.48,12.1,14.45,14.21,84.03,66.19,10.47,216.28
2012/4/26,81.36,131.59,107.57,82.73,89.54,12.12,14.46,14.23,84.25,66.28,10.52,216.04
2012/4/27,81.19,131.41,107.23,82.4,89.24,12.08,14.42,14.14,84.27,66.08,10.45,215.59
2012/5/1,79.85,129.62,105.69,80.8,88.01,11.88,14.21,13.95,83.24,65.35,10.29,212.03
2012/5/2,80.26,130.25,106.11,81.39,88.31,11.93,14.26,14.02,82.96,65.29,10.39,213.12
2012/5/7,79.87,128.78,103.67,80.08,86.31,11.62,13.94,13.7,80.82,63.25,10.15,212.08
2012/5/8,80.02,129.47,104.32,80.54,86.86,11.73,14.04,13.8,81.6,63.63,10.25,212.48
2012/5/9,79.89,128.99,103.78,79.9,86.42,11.64,13.96,13.7,80.65,62.83,10.11,212.13
2012/5/10,79.73,128.68,103.19,79.59,85.92,11.59,13.88,13.68,80.24,62.6,9.96,211.71
2012/5/11,79.94,129.01,103.43,79.68,86.16,11.52,13.92,13.66,80.59,62.73,9.95,212.27
2012/5/14,80.13,128.81,103.38,80.2,86.05,11.49,13.91,13.65,80.43,62.68,9.88,212.77
2012/5/15,79.94,128.66,102.56,79.73,85.4,11.34,13.8,13.48,79.72,62.15,9.75,212.27
2012/5/16,80.4,128.47,102.33,79.82,85.2,11.2,13.77,13.4,79.93,61.86,9.64,213.49
2012/5/17,80.3,127.84,102.28,79.36,85.18,11.22,13.77,13.5,79.8,61.58,9.66,213.22
2012/5/18,79.44,125.33,100.86,77.91,83.99,11.02,13.57,13.26,78.38,60.58,9.48,210.94
2012/5/21,79.2,125.29,101.31,77.61,84.34,11.08,13.64,13.28,78.1,60.14,9.51,210.3
2012/5/22,79.4,125.64,101.62,78.05,84.6,11.16,13.68,13.39,78.7,60.88,9.67,210.83
2012/5/23,79.97,125.97,101.19,78.17,84.25,11.14,13.62,13.34,78.09,60.03,9.56,212.35
2012/5/24,79.49,124.69,99.89,77.47,83.19,11.1,13.45,13.27,77.49,59.7,9.48,211.07
2012/5/25,79.7,124.86,99.94,77.65,83.14,11.11,13.45,13.22,77.88,60.17,9.56,211.63
2012/5/28,79.45,124.66,99.81,77.41,83.04,11.12,13.43,13.24,78.13,60.44,9.53,210.97
2012/5/29,79.6,124.62,99.64,77.58,82.91,11.1,13.41,13.23,78.17,60.42,9.53,211.36
2012/5/30,79.51,124.24,99.13,77.64,82.55,11.01,13.34,13.17,78.09,60.52,9.55,211.13
2012/5/31,78.93,122.1,97.6,76.63,81.29,10.88,13.14,12.97,76.55,59.4,9.23,209.59
2012/6/1,78.69,121.06,97.1,76.04,80.87,10.82,13.07,12.85,76.34,59.16,9.23,208.95
2012/6/4,78.16,119.94,96.81,74.82,80.61,10.73,13.03,12.72,75.29,58.69,9.06,207.54
2012/6/5,78.32,120.59,98.13,75.48,81.69,10.96,13.21,12.93,76.35,59.46,9.26,207.97
2012/6/6,78.66,121.01,98,75.85,81.59,10.93,13.19,12.88,76.94,59.74,9.37,208.87
2012/6/7,79.26,122.65,99.63,77.06,82.94,11.07,13.41,13.06,78.44,60.95,9.56,210.46
2012/6/8,79.68,123.56,99.89,77.38,83.16,11.14,13.44,13.16,78.7,61.02,9.49,211.58
2012/6/11,79.62,123.82,100.62,77.95,83.76,11.29,13.54,13.27,79.46,61.8,9.57,211.42
2012/6/12,79.26,122.75,98.89,76.88,82.35,11.15,13.31,13.13,78.38,61.05,9.37,210.46
2012/6/13,79.59,123.85,99.43,77.48,82.79,11.23,13.38,13.24,79.14,61.78,9.44,211.34
2012/6/14,79.43,123.2,99.73,77.19,83.02,11.29,13.42,13.28,78.96,61.59,9.46,210.91
2012/6/15,79.48,123.52,100.27,77.62,83.49,11.33,13.49,13.37,79.51,62.15,9.49,211.05
2012/6/18,79.29,124.58,100.76,77.77,83.87,11.4,13.56,13.38,80.23,62.81,9.59,210.54
2012/6/19,79.05,123.99,99.6,77.32,82.92,11.26,13.4,13.22,79.97,62.62,9.51,209.9
2012/6/20,78.98,124.2,100.01,77.48,83.29,11.32,13.46,13.27,80.33,62.79,9.62,209.72
2012/6/21,79.47,124.76,100.66,77.87,83.8,11.4,13.55,13.44,80.98,63.52,9.68,211.02
2012/6/22,80.13,125.09,100.64,77.98,83.79,11.43,13.54,13.43,80.58,63.13,9.56,212.77
2012/6/25,80.43,125.3,100.79,78.34,83.91,11.45,13.56,13.46,80.66,63.26,9.54,213.57
2012/6/26,79.67,124.09,99.68,77.49,83.01,11.29,13.41,13.28,79.87,62.85,9.4,211.55
2012/6/27,79.46,124.16,99.21,77.53,82.57,11.24,13.34,13.21,79.84,62.76,9.4,210.99
2012/6/28,79.52,123.94,99.33,77.68,82.71,11.31,13.36,13.19,80.42,63.23,9.44,211.15
2012/6/29,79.31,123.12,98.73,76.78,82.2,11.27,13.29,13.08,79.63,62.4,9.42,210.59
2012/7/2,79.78,124.9,100.78,78.3,83.88,11.5,13.56,13.37,81.64,63.96,9.75,211.84
2012/7/3,79.54,124.81,100.09,78.25,83.32,11.48,13.46,13.32,81.53,63.91,9.72,211.21
2012/7/4,79.75,125.14,100.37,78.73,83.54,11.51,13.5,13.36,82.01,64.21,9.86,211.76
2012/7/5,79.95,124.64,100.14,78.91,83.38,11.57,13.47,13.36,82.14,64.29,9.82,212.29
2012/7/6,79.99,124.14,99.05,78.83,82.48,11.48,13.32,13.22,82.18,64.27,9.82,212.4
2012/7/9,79.52,123.1,97.66,77.98,81.33,11.31,13.13,12.99,81.08,63.41,9.61,211.15
2012/7/10,79.53,123.41,97.81,77.96,81.43,11.34,13.15,13.09,81.08,63.29,9.64,211.18
2012/7/11,79.29,123.03,97.12,77.51,80.88,11.36,13.06,13,80.75,62.95,9.64,210.54
2012/7/12,79.64,123.58,97.42,78.06,81.13,11.38,13.1,13.03,81.55,63.31,9.66,211.41
2012/7/13,79.41,122.47,96.8,77.81,80.59,11.3,13.02,13.01,80.43,62.65,9.53,210.86
2012/7/17,78.92,123.48,96.91,77.81,80.7,11.22,13.03,12.96,80.94,62.92,9.6,209.56
2012/7/18,79.1,123.89,97.29,78.16,80.97,11.38,13.08,13.05,81.65,63.2,9.68,210.04
2012/7/19,78.72,123.26,96.71,77.99,80.54,11.36,13,12.92,81.65,63.05,9.65,209.03
2012/7/20,78.74,123.67,96.47,78.08,80.33,11.35,12.97,12.99,81.98,63.18,9.61,209.08
2012/7/23,78.41,122.2,95.07,77.27,79.18,11.26,12.78,12.9,81.01,62.4,9.45,208.2
2012/7/24,78.34,121.58,94.97,76.92,79.09,11.3,12.77,12.88,80.46,61.85,9.27,208.02
2012/7/25,78.14,121.09,94.23,76.39,78.47,11.2,12.67,12.77,79.69,61.09,9.14,207.49
2012/7/26,78.08,120.87,94.75,76.84,78.88,11.19,12.74,12.84,80.48,61.69,9.27,207.33
2012/7/27,78.36,122.79,96.18,77.56,80.08,11.39,12.93,13.01,81.4,62.65,9.47,208.07
2012/7/30,78.46,123.39,96.47,78.09,80.32,11.4,12.97,12.95,82.12,63.41,9.58,208.34
2012/7/31,78.17,122.84,95.84,78.05,79.81,11.53,12.89,12.95,82.06,63.27,9.53,207.57
2012/8/1,78.11,122.41,95.98,77.88,79.92,11.52,12.88,12.91,81.98,63.36,9.43,207.41
2012/8/2,78.46,121.84,95.93,78.08,79.87,11.55,12.89,12.99,82,63.42,9.39,208.34
2012/8/3,78.12,121.2,95.07,77.67,79.16,11.46,12.78,12.9,81.75,63.33,9.34,207.43
2012/8/6,78.55,122.85,97.5,78.5,81.12,11.72,13.1,13.17,82.98,64.31,9.65,208.58
2012/8/7,78.18,121.85,96.87,78.1,80.64,11.66,13.02,13.12,82.56,64.15,9.57,207.59
2012/8/8,78.59,122.7,97.37,78.79,81.06,11.68,13.08,13.25,82.85,64.05,9.62,208.68
2012/8/9,78.46,122.97,97.05,78.86,80.79,11.73,13.04,13.36,82.87,63.77,9.68,208.34
2012/8/10,78.61,122.92,96.64,79.25,80.46,11.74,12.99,13.29,83.1,63.83,9.74,208.74
2012/8/13,78.28,122.63,96.02,78.92,79.97,11.74,12.91,13.21,82.59,63.49,9.68,207.86
2012/8/14,78.44,123.06,96.79,79.07,80.59,11.7,13,13.2,82.56,63.59,9.63,208.28
2012/8/15,78.87,123.6,97.21,79.47,80.93,11.78,13.06,13.28,82.62,63.44,9.62,209.43
2012/8/16,79.11,124.11,97.31,80,81.01,11.86,13.07,13.3,83.15,63.93,9.62,210.06
2012/8/17,79.38,124.86,98.03,80.46,81.63,11.86,13.17,13.36,83.45,64.41,9.69,210.78
2012/8/20,79.58,124.83,98.11,80.49,81.68,11.93,13.17,13.46,83.09,64.32,9.58,211.31
2012/8/21,79.37,124.7,98.03,80.27,81.62,11.89,13.17,13.42,82.97,64.26,9.55,210.75
2012/8/22,79.27,125.01,98.86,80.05,82.3,11.9,13.27,13.47,82.96,64.16,9.6,210.49
2012/8/23,78.57,124.82,98.44,79.29,81.97,11.86,13.22,13.42,82.54,64.14,9.55,208.63
2012/8/24,78.57,124.6,98.64,79.02,82.14,11.89,13.25,13.48,81.96,63.89,9.44,208.63
2012/8/27,78.81,124.61,98.59,79.51,82.1,11.93,13.24,13.51,82.06,63.93,9.41,209.27
2012/8/28,78.7,124.05,98.28,79.41,81.83,11.92,13.2,13.49,81.48,63.48,9.31,208.98
2012/8/29,78.61,124.37,98.71,79.56,82.19,11.85,13.25,13.46,81.49,63.26,9.36,208.74
2012/8/30,78.68,124.53,98.57,79.46,82.07,11.81,13.23,13.52,81.28,63.02,9.36,208.92
2012/8/31,78.6,124.11,98.32,79.15,81.87,11.77,13.2,13.53,80.9,62.77,9.25,208.71
2012/9/3,78.23,124.03,98.29,79.22,81.85,11.81,13.19,13.48,80.25,62.51,9.27,207.73
2012/9/4,78.38,124.47,98.66,79.44,82.18,11.73,13.24,13.5,80.17,62.36,9.35,208.13
2012/9/5,78.52,124.53,98.38,79.66,81.9,11.67,13.21,13.5,80.2,62.34,9.33,208.5
2012/9/6,78.48,124.78,98.87,79.18,82.11,11.68,13.27,13.48,80,62.4,9.34,208.39
2012/9/7,78.89,125.62,99.64,80.25,82.7,11.69,13.37,13.49,81.17,63.24,9.51,209.48
2012/9/10,78.22,125.23,100.03,79.91,82.73,11.84,13.43,13.67,81.08,63.39,9.55,207.7
2012/9/11,78.26,125.18,99.89,80.1,82.72,11.8,13.41,13.51,80.86,63.33,9.56,207.81
2012/9/12,77.89,125.18,100.12,80.07,82.94,11.79,13.43,13.51,81.37,63.74,9.53,206.82
2012/9/13,77.78,125.33,100.44,79.68,83.05,11.86,13.47,13.56,81.5,63.88,9.35,206.53
2012/9/14,77.67,125.49,100.86,80.21,83.05,11.81,13.53,13.6,81.91,64.6,9.42,206.24
2012/9/18,78.61,127.63,102.95,80.63,84.75,11.93,13.81,13.74,82.19,64.83,9.51,208.74
2012/9/19,78.68,127.76,102.63,80.66,84.72,11.99,13.77,13.76,82.1,65.09,9.59,208.92
2012/9/20,78.41,127.23,102.33,80.37,84.54,12.05,13.73,13.74,82.06,65.08,9.48,208.2
2012/9/21,78.36,127.12,101.67,80.3,84.03,12.03,13.64,13.69,81.93,65.05,9.44,208.07
2012/9/24,78.15,126.88,101.42,79.92,83.73,11.91,13.6,13.64,81.56,64.64,9.44,207.51
2012/9/25,77.86,126.32,100.74,79.48,83.25,11.86,13.51,13.57,81.14,64.04,9.45,206.74
2012/9/26,77.78,126.01,100.38,79.29,82.99,11.85,13.46,13.59,80.67,63.79,9.45,206.53
2012/9/27,77.69,125.63,99.99,78.87,82.69,11.79,13.41,13.52,80.55,64.06,9.45,206.29
2012/9/28,77.61,126,100.22,79.15,82.82,11.9,13.45,13.61,81.09,64.59,9.42,206.08
2012/10/1,77.94,125.69,99.86,79.25,82.67,11.85,13.4,13.56,80.77,64.57,9.44,206.96
2012/10/2,78.06,125.9,100.63,79.47,83.18,11.85,13.5,13.63,80.86,64.65,9.34,207.28
2012/10/3,78.31,126.28,101.08,79.55,83.57,11.83,13.56,13.71,80.31,64.69,9.37,207.94
2012/10/4,78.53,126.4,101.42,79.56,83.77,11.76,13.61,13.64,80.3,64.51,9.32,208.52
2012/10/5,78.58,127.23,102.27,80.09,84.43,11.88,13.73,13.77,80.57,64.62,9.24,208.66
2012/10/9,78.32,125.52,101.64,80.28,83.74,11.82,13.63,13.72,80.11,64.29,8.81,207.97
2012/10/10,78.3,125.24,100.72,79.96,83.17,11.68,13.51,13.64,79.85,63.85,8.9,207.91
2012/10/11,78.15,125.02,100.38,79.52,83.09,11.67,13.46,13.62,80.22,63.83,8.96,207.51
2012/10/12,78.52,125.99,101.57,80.25,83.97,11.73,13.62,13.77,80.62,64.25,9.06,208.5
2012/10/15,78.35,125.55,101.06,79.87,83.66,11.66,13.56,13.68,79.99,63.74,8.92,208.05
2012/10/16,78.79,126.64,102.14,80.22,84.53,11.84,13.69,13.82,80.85,64.22,8.95,209.16
2012/10/17,78.75,126.99,103.12,79.79,85.24,11.94,13.82,13.94,81.19,64.38,9.07,209.05
2012/10/18,79.16,127.68,103.72,80.87,85.75,12.01,13.91,14.04,82.14,65.03,9.21,210.14
2012/10/19,79.43,127.56,103.79,80.62,85.9,12.09,13.92,14.09,82.41,65.03,9.18,210.91
2012/10/22,79.33,126.99,103.37,79.8,85.51,12.06,13.86,14.03,81.82,64.85,9.15,210.65
2012/10/23,79.95,128.05,104.41,80.54,86.26,12.13,14,14.1,82.52,65.36,9.26,212.29
2012/10/24,79.86,127.34,103.66,80.48,85.6,12.02,13.9,13.95,82.19,64.82,9.12,212.06
2012/10/25,79.91,128.16,103.64,80.42,85.7,11.96,13.9,13.9,82.83,65.73,9.11,212.19
2012/10/26,80.26,129.41,103.86,80.69,85.86,11.97,13.93,13.91,83.11,65.79,9.19,213.12
2012/10/29,79.68,128.13,102.91,79.73,85.13,11.87,13.8,13.79,82.44,65.35,9.17,211.58
2012/10/30,79.88,128.08,103.13,79.82,85.36,11.97,13.83,13.87,82.58,65.53,9.21,212.05
2012/10/31,79.66,128.09,103.26,79.7,85.47,12.01,13.84,13.9,82.76,65.52,9.22,211.52
2012/11/1,79.9,128.86,103.55,79.92,85.74,12.06,13.88,14.02,82.96,65.71,9.21,212.16
2012/11/2,80.28,129.45,103.79,80.57,86.08,12.05,13.92,14.14,83.54,66.45,9.3,213.17
2012/11/5,80.5,128.99,103.27,80.88,85.63,12.01,13.85,14.05,83.36,66.46,9.2,213.75
2012/11/6,80.21,128.14,102.59,80.48,84.99,11.99,13.76,13.99,83.22,66.27,9.19,212.98
2012/11/7,80.21,128.14,102.57,80.78,84.92,12,13.75,14.02,83.6,66.33,9.28,212.98
2012/11/8,79.97,127.76,101.98,80.23,84.54,11.95,13.67,13.92,83.4,65.48,9.26,212.35
2012/11/9,79.55,127.07,101.31,79.48,84.04,11.92,13.58,13.9,82.66,64.73,9.14,211.23
2012/11/12,79.53,126.45,101.16,79.49,83.9,11.81,13.56,13.87,82.63,64.79,9.15,211.18
2012/11/13,79.64,126.36,101.12,79.62,83.92,11.77,13.56,13.86,82.95,65.12,9.1,211.47
2012/11/14,79.53,126.26,101.07,79.36,83.98,11.72,13.55,13.8,83.07,64.94,9.05,211.18
2012/11/15,80.24,127.12,102.07,79.92,84.84,11.82,13.69,13.92,83.08,64.98,9.02,213.06
2012/11/16,81.18,128.76,103.67,81.1,86.11,12,13.9,14.1,83.88,65.8,9.1,215.56
2012/11/19,81.48,129.5,103.9,81.33,86.19,12,13.93,14.09,84.4,66.23,9.19,216.36
2012/11/20,81.4,129.42,104.02,81.69,86.42,12.07,13.95,14.17,84.72,66.63,9.2,216.14
2012/11/21,81.86,130.36,104.88,82.22,87.06,12.11,14.06,14.28,85.02,66.86,9.24,217.37
2012/11/22,82.46,131.68,105.99,82.79,87.97,12.3,14.21,14.46,85.58,67.25,9.2,218.96
2012/11/26,82.64,132.49,107.13,83.21,88.96,12.47,14.36,14.61,86.42,68.08,9.31,219.44
2012/11/27,82.01,131.49,106.52,82.6,88.45,12.44,14.29,14.54,85.97,67.51,9.27,217.76
2012/11/28,82.19,131.68,106.34,82.68,88.31,12.27,14.26,14.45,85.86,67.45,9.3,218.24
2012/11/29,82.04,131.36,106.17,82.7,88.23,12.33,14.23,14.47,85.9,67.64,9.31,217.84
2012/11/30,82.1,131.69,106.52,82.7,88.52,12.32,14.28,14.44,85.63,67.58,9.35,218
2012/12/3,82.36,132,107.08,82.89,88.84,12.39,14.36,14.52,85.63,67.33,9.25,218.69
2012/12/4,82.11,132.1,107.15,82.52,88.67,12.37,14.36,14.57,85.56,67.41,9.26,217.97
2012/12/5,81.92,131.86,107.33,82.53,88.41,12.43,14.39,14.59,85.77,67.55,9.32,217.47
2012/12/6,82.41,132.66,107.6,83.05,88.91,12.47,14.43,14.64,86.29,68.34,9.4,218.77
2012/12/7,82.51,132.42,106.97,83.23,88.51,12.43,14.34,14.6,86.49,68.66,9.5,219.03
2012/12/10,82.56,132.34,106.57,83.63,88.27,12.35,14.29,14.52,86.54,68.82,9.52,219.17
2012/12/11,82.45,132.48,106.67,83.54,88.32,12.33,14.3,14.54,86.36,68.76,9.51,218.87
2012/12/12,82.56,133.01,107.36,83.71,88.55,12.43,14.4,14.62,86.98,69.28,9.55,219.17
2012/12/13,83.37,134.55,108.94,84.67,89.99,12.54,14.61,14.84,87.96,70.35,9.64,221.32
2012/12/14,83.71,134.83,109.38,84.98,90.59,12.54,14.66,14.88,88.04,70.48,9.69,222.28
2012/12/17,83.99,135.74,110.58,85.19,91.44,12.59,14.82,14.94,88.58,71.06,9.73,222.96
2012/12/18,83.92,135.94,110.48,85.32,91.42,12.6,14.81,14.95,88.55,70.87,9.84,222.78
2012/12/19,84.43,137.22,111.68,85.6,92.42,12.78,14.97,15.08,88.75,70.88,9.99,224.13
2012/12/20,84.26,136.91,111.37,85.19,92.24,12.86,14.93,15.11,88.26,70.35,9.92,223.74
2012/12/21,84.43,137.37,111.66,85.45,92.49,12.96,14.97,15.18,88.42,70.36,9.95,224.13
2012/12/25,84.73,136.67,111.59,85.33,92.39,12.94,14.96,15.15,87.77,69.61,9.87,224.93
2012/12/26,85.34,137.67,112.48,86.06,93.22,13.04,15.08,15.26,88.42,70.25,9.94,226.55
2012/12/27,85.71,138.32,113.4,86.32,93.89,13.18,15.2,15.38,88.89,70.3,10.01,227.59
2012/12/28,86.58,139.53,114.69,87.08,94.92,13.33,15.38,15.56,89.8,71.08,10.2,229.9
2013/1/4,87.64,140.89,114.15,88.69,94.41,13.4,15.3,15.68,91.67,72.55,10.2,232.71
2013/1/7,88.08,141.38,114.92,89.19,95.08,13.45,15.41,15.67,92.32,73.14,10.28,233.88
2013/1/8,87.56,141.1,114.85,88.78,95.02,13.48,15.4,15.71,91.95,73.3,10.22,232.44
2013/1/9,87.17,139.89,113.92,88.29,94.27,13.28,15.28,15.55,91.45,73.04,10.15,231.4
2013/1/10,88.2,141.23,115.09,89.28,95.23,13.43,15.43,15.75,92.59,74.01,10.25,234.14
2013/1/11,89.22,144.21,118.38,90.76,97.54,13.75,15.87,16.16,94.43,75.29,10.3,236.85
2013/1/15,89.59,144.08,119.87,91.08,97.21,13.91,16.07,16.28,94.61,75.45,10.3,237.83
2013/1/16,88.55,142.28,117.76,89.96,95.01,13.63,15.79,15.9,93.59,74.57,10.07,235.07
2013/1/17,88.66,141.9,117.94,89.92,95.23,13.66,15.81,15.94,93.53,74.66,10.11,235.36
2013/1/18,89.92,143.58,120.29,91.2,96.12,13.84,16.12,16.14,94.8,75.26,10.21,238.7
2013/1/21,89.84,142.48,119.54,90.53,96.21,13.78,16.02,16.03,94.31,74.94,10.12,238.49
2013/1/22,89.78,142.13,119.45,90.4,96.08,13.75,16.01,16.03,94.35,75.09,10.13,238.33
2013/1/23,88.73,140.57,118.15,89.43,95.44,13.63,15.83,15.92,93.62,74.69,10.03,235.61
2013/1/24,88.61,140.26,117.88,88.61,95.26,13.58,15.8,15.93,93.24,74.64,9.76,235.23
2013/1/25,90.56,142.92,121.07,90.3,97.43,13.95,16.23,16.35,94.61,75.78,9.98,240.4
2013/1/28,91.03,143.63,122.51,90.31,98.15,14.1,16.42,16.44,94.82,76.1,10.15,241.72
2013/1/29,90.51,142.07,121.71,89.96,97.71,14.1,16.32,16.35,94.4,75.55,9.96,240.27
2013/1/30,90.83,143.09,122.5,90.71,98.5,14.25,16.42,16.53,95.01,76.08,10.06,241.12
2013/1/31,91.14,143.99,123.66,90.91,100.11,14.36,16.58,16.66,95.02,76.25,10.11,242.01
2013/2/1,91.76,145.66,124.93,92.07,100.92,14.46,16.74,16.82,95.85,77.45,10.25,243.59
2013/2/4,92.69,145.5,126.46,92.9,102.06,14.68,16.95,17.02,96.48,78.34,10.46,246.06
2013/2/5,92.29,145.37,124.53,92.47,101.42,14.57,16.69,16.83,96.41,77.75,10.36,245
2013/2/6,93.66,146.62,127.23,94,103.21,14.82,17.05,17.11,97.1,79.22,10.61,248.63
2013/2/7,93.56,146.45,126.41,93.92,102.81,14.71,16.95,17.01,96.43,78.27,10.51,248.37
2013/2/8,93.71,147.27,125.48,93.79,102.01,14.6,16.82,16.97,96.22,78.08,10.51,248.3
2013/2/12,94.27,147.64,126.39,93.74,102.43,14.75,16.94,17.15,96.69,78.81,10.58,250.25
2013/2/13,93.34,146.3,125.51,93.14,101.78,14.67,16.83,17.02,96.52,78.53,10.49,247.78
2013/2/14,93.33,144.95,125.48,93.19,101.68,14.84,16.81,17.03,96.69,79.15,10.54,247.76
2013/2/15,92.96,144.1,124.15,92.87,100.86,14.7,16.64,16.79,96.2,79.11,10.58,246.77
2013/2/18,93.81,145.32,125.13,93.14,101.59,14.8,16.78,16.9,96.47,79.2,10.59,249.03
2013/2/19,93.82,145.12,125.18,92.83,101.58,14.77,16.79,16.88,96.85,79.32,10.57,249.06
2013/2/20,93.67,144.57,125.65,92.58,101.7,14.88,16.85,16.96,96.89,79.22,10.6,248.73
2013/2/21,93.88,143.01,124.72,92.34,101.19,14.81,16.72,16.78,96.25,78.35,10.54,249.22
2013/2/22,93.31,142.27,123.01,91.64,100.2,14.53,16.49,16.45,95.88,77.89,10.49,247.77
2013/2/25,94.07,142.35,124.06,91.96,100.99,14.68,16.63,16.59,96.79,78.74,10.58,249.79
2013/2/26,92.71,140.49,121.22,90.4,99.46,14.33,16.25,16.29,95.27,77.27,10.51,246.18
2013/2/27,92.09,139.37,120.27,89.77,98.8,14.26,16.13,16.16,94.19,76.08,10.43,244.53
2013/2/28,92.51,140.31,121.62,90.45,99.61,14.4,16.31,16.28,94.84,76.72,10.48,245.65
2013/3/1,92.67,140.59,121.09,89.99,98.96,14.36,16.24,16.19,94.71,76.53,10.28,246.07
2013/3/4,93.66,140.77,121.8,91.06,99.36,14.55,16.34,16.28,95.39,77.08,10.3,248.7
2013/3/5,93.4,141.19,121.67,91,99.27,14.57,16.32,16.36,95.36,77.29,10.29,248.01
2013/3/6,93.18,141.08,121.69,90.79,99.06,14.61,16.32,16.36,95.75,77.59,10.31,247.42
2013/3/7,94.12,140.99,122.13,91.12,99.22,14.68,16.39,16.46,96.25,77.85,10.33,249.92
2013/3/8,94.94,142.57,124.4,92.18,100.67,15.02,16.69,16.76,97.46,78.64,10.39,252.1
2013/3/11,96.1,143.33,124.86,93.44,100.93,14.98,16.74,16.75,98.17,78.95,10.58,255.18
2013/3/12,96.47,143.83,125.7,93.99,101.7,15.09,16.86,16.85,99.16,79.62,10.59,256.16
2013/3/13,96.07,143.18,125.13,93.63,101.44,15.13,16.78,16.85,99.13,79.16,10.49,255.1
2013/3/14,95.96,143.36,124.41,93.43,100.8,14.96,16.69,16.74,99.5,78.62,10.39,254.81
2013/3/15,96.15,144.99,125.05,94.04,101.52,14.94,16.77,16.61,99.74,78.9,10.49,255.31
2013/3/18,94.96,143.23,122.55,92.73,100.53,14.73,16.44,16.37,98.29,78.12,10.3,252.15
2013/3/19,95.55,144.28,123.82,93.52,100.99,14.86,16.61,16.53,99.37,78.94,10.42,253.72
2013/3/21,95.91,144.89,124.08,93.52,101.52,14.83,16.65,16.41,99.53,79.21,10.28,254.67
2013/3/22,95.08,144.35,122.71,92.84,100.5,14.67,16.47,16.31,99.18,79.09,10.22,252.47
2013/3/25,94.86,144.67,123.66,92.78,100.99,14.68,16.59,16.4,99.01,79.2,10.21,251.89
2013/3/26,94.08,142.77,120.99,92.11,99.19,14.43,16.23,16.12,98.45,78.58,10.13,249.81
2013/3/27,94.62,143.53,121.7,93.12,99.82,14.58,16.33,16.26,99.14,79.43,10.24,251.25
2013/3/28,94.33,142.83,120.52,92.84,98.96,14.47,16.17,16.12,98.64,78.99,10.18,250.48
2013/3/29,93.99,143.03,120.65,92.51,99.15,14.44,16.18,16.12,97.84,78.72,10.19,249.58
2013/4/1,94.38,143.32,120.71,92.8,99.16,14.42,16.19,16.12,98.23,78.97,10.22,250.61
2013/4/2,93.13,141.93,119.83,91.68,98.52,14.32,16.07,16.03,97.3,78.13,10.14,247.29
2013/4/3,93.67,141.4,119.95,92.32,98.66,14.42,16.1,16.1,97.98,78.76,10.13,248.73
2013/4/4,92.88,140.62,119.27,91.6,98.28,14.25,16.01,15.97,97.38,78.23,10.08,246.63
2013/4/5,96.94,147.74,125.37,95.69,103.13,14.86,16.82,16.76,100.98,81.5,10.56,257.41
2013/4/8,98.53,151.15,127.99,96.88,105.46,15.26,17.17,17.21,102.17,82.93,10.82,261.63
2013/4/9,99.37,151.73,129.74,97.73,106.54,15.54,17.41,17.36,103.59,84.31,11.09,263.86
2013/4/10,99.2,151.97,129.76,97.6,106.4,15.51,17.4,17.37,103.98,84.56,11.12,263.41
2013/4/11,99.67,152.73,130,98.19,106.71,15.55,17.44,17.32,105.1,85.63,11.2,264.66
2013/4/12,99.63,153.31,130.59,98.6,107.09,15.7,17.52,17.48,105.02,85.99,11.2,264.55
2013/4/15,98.66,151.79,129.23,97.31,106.23,15.48,17.34,17.26,103.75,84.51,11.03,261.98
2013/4/16,96.85,148.08,126.35,94.62,104.07,15.08,16.95,16.82,100.03,81.65,10.5,257.17
2013/4/17,98,150.53,129.17,95.87,106.26,15.4,17.33,17.13,101.68,83.15,10.73,260.15
2013/4/18,97.86,149.14,127.56,95.32,104.9,15,17.1,16.85,100.73,82.58,10.66,259.85
2013/4/19,98.29,150.19,128.3,95.82,105.38,15.04,17.21,16.9,101.1,82.64,10.71,260.99
2013/4/22,99.8,151.76,130.35,97.27,106.93,15.27,17.48,17.15,102.5,83.95,10.83,264.93
2013/4/23,99.29,151.86,129.63,96.86,106.17,15.19,17.39,16.97,101.87,83.6,10.75,263.65
2013/4/24,99.64,151.81,129.57,97.08,105.45,14.99,17.38,16.84,102.33,83.92,10.82,264.58
2013/4/25,99.56,152.33,129.72,97.12,105.11,15.07,17.39,16.9,102.43,84.45,10.9,264.37
2013/4/26,99.14,153.13,128.96,97.28,104.95,15.01,17.3,16.89,102.23,84.47,10.95,263.25
2013/4/30,97.92,151.67,128.18,96.79,104.48,14.94,17.2,16.83,101.34,83.75,10.9,260.01
2013/5/1,97.19,151.06,128.07,96.55,104.6,15,17.18,16.88,100.86,83.39,10.81,258.07
2013/5/2,97.22,151.28,128.08,96.48,104.84,15.04,17.18,16.87,99.83,82.6,10.77,258.15
2013/5/7,99.16,154.2,129.68,98.5,105.62,15.14,17.4,16.98,101.56,84.4,11.04,263.3
2013/5/8,98.89,153.03,129.26,98.37,105.06,15.14,17.35,16.93,100.58,83.53,10.94,262.59
2013/5/9,98.9,153.72,130.14,98.64,105.78,15.22,17.46,17.21,100.76,83.51,10.98,262.54
2013/5/10,100.96,155.93,131.53,100.2,106.22,15.39,17.65,17.46,101.7,84.6,11.19,268.08
2013/5/13,101.92,156.42,132.11,100.72,106.27,15.42,17.73,17.54,101.78,84.28,11.15,270.63
2013/5/14,101.48,155.54,132.09,100.55,106.47,15.4,17.72,17.54,101.3,84.04,11.1,269.46
2013/5/15,102.14,155.61,132.17,100.23,105.86,15.33,17.73,17.54,101.23,83.87,11.06,271.22
2013/5/16,102.16,155.7,131.54,100.59,105.78,15.33,17.65,17.48,101.21,84.45,11.05,271.27
2013/5/17,102.29,156.26,131.76,100.39,105.97,15.35,17.68,17.55,100.49,83.5,10.99,271.61
2013/5/20,102.85,156.01,131.87,99.93,105.9,15.36,17.7,17.55,100.25,83.19,10.93,273.1
2013/5/21,102.45,156.16,131.9,99.88,105.72,15.39,17.7,17.55,100.25,83.57,10.83,272.04
2013/5/22,102.62,155.58,132.69,99.95,105.84,15.53,17.8,17.75,100.55,83.83,10.75,272.49
2013/5/23,103.5,155.53,132.78,99.65,105.43,15.56,17.81,17.75,99.94,83.27,10.8,274.83
2013/5/24,102.34,154.38,132.2,99.13,105.44,15.38,17.74,17.56,99.09,82.77,10.74,271.75
2013/5/27,100.88,152.65,130.42,97.67,104.91,15.17,17.49,17.31,97.1,81.43,10.52,267.87
2013/5/28,101.63,153.24,131.06,98.11,105.17,15.26,17.58,17.35,97.64,81.94,10.54,269.86
2013/5/29,102.23,153.65,131.38,98.18,104.87,15.22,17.63,17.35,97.8,82.46,10.43,271.46
2013/5/30,101.18,152.94,130.9,97.65,105.08,15.22,17.56,17.16,97.3,81.94,10.28,268.6
2013/5/31,101.17,154.08,131.88,98.16,106.06,15.41,17.7,17.35,97.95,81.88,10.1,268.64
2013/6/3,100.46,152.87,130.65,96.96,105.07,15.19,17.53,17.12,96.7,80.17,9.99,266.76
2013/6/4,99.46,152.5,130.05,96.74,105.02,15.21,17.45,17.15,97,80.44,10.14,264.1
2013/6/5,100.3,153.37,131.04,96.84,105.73,15.27,17.58,17.23,96.63,80.35,10.22,266.26
2013/6/6,99.3,152.82,129.86,95.89,105.26,15.07,17.43,17.08,94.19,78.8,9.93,263.67
2013/6/7,97.44,151.9,128.97,94.8,104.81,14.88,17.3,16.95,93.04,77.92,9.86,258.74
2013/6/10,97.73,152.07,129.24,95.96,104.6,14.91,17.34,16.96,92.39,76.93,9.73,259.51
2013/6/11,98.8,153.83,130.97,96.89,105.82,15.03,17.57,17.13,93.13,77.95,9.73,262.35
2013/6/12,96.44,150.89,128.39,94.65,104.24,14.73,17.22,16.7,91.46,76.36,9.57,256.08
2013/6/13,95.3,149.44,127.31,93.39,103.79,14.66,17.07,16.58,90.3,75.89,9.48,253.05
2013/6/14,94.63,148.69,126.5,92.98,102.68,14.61,16.96,16.49,90.77,76.23,9.58,251.27
2013/6/17,94.68,148.74,126.21,93.19,102.51,14.71,16.93,16.57,90.88,76.51,9.52,251.41
2013/6/18,94.84,149.08,126.73,93.12,102.76,14.67,16.99,16.55,90.7,75.91,9.53,251.83
2013/6/19,95.53,149.31,128.02,93.4,103.84,14.81,17.16,16.63,90.33,76.21,9.55,253.66
2013/6/20,96.45,149.27,128.18,93.81,104.16,14.95,17.18,16.7,89.71,75.99,9.46,256.04
2013/6/21,97.2,150.66,128.46,93.61,104.83,14.81,17.23,16.2,89.57,75.64,9.5,258.1
2013/6/24,98.36,151.42,128.93,93.84,104.98,14.68,17.28,16.15,90.88,76.45,9.63,261.18
2013/6/25,97.74,150.99,128.28,93.05,104.73,14.47,17.2,15.98,90.37,75.75,9.72,259.53
2013/6/26,98.15,151.33,128.39,93.32,104.57,14.63,17.21,16.12,90.92,75.99,9.71,260.55
2013/6/27,97.65,149.63,127.18,93.32,103.72,14.5,17.05,16.03,90.67,76,9.68,259.22
2013/6/28,98.63,150.41,128.56,94.05,104.33,14.63,17.24,16.33,91.15,76.68,9.93,261.9
2013/7/1,99.43,151.18,129.43,94.44,105.33,14.84,17.35,16.38,90.91,76.9,10.04,263.95
2013/7/2,99.62,151.59,130.1,94.84,105.41,14.91,17.44,16.29,92.04,77.87,10.07,264.52
2013/7/3,100.72,152.56,130.62,95.46,105.78,14.97,17.51,16.47,92.15,78.12,10.1,267.45
2013/7/4,99.93,152.59,129.92,95.13,105.48,14.95,17.42,16.37,90.92,77.81,9.92,265.35
2013/7/5,100.35,150.96,129.41,95.36,104.84,15.01,17.35,16.42,91.8,78.61,10.02,266.46
2013/7/8,101.37,150.81,130,95.87,105.05,14.89,17.43,16.22,91.72,78.19,9.96,269.17
2013/7/9,101.07,150.82,129.85,95.59,104.7,14.89,17.41,16.44,92.07,78.73,9.94,268.37
2013/7/10,101.17,150.29,129.24,96.05,103.86,14.88,17.33,16.38,92.67,79.25,10.08,268.64
2013/7/11,99.61,150.4,130.39,95.64,104.92,15.01,17.48,16.51,91.85,78.8,10.07,264.5
2013/7/12,99.07,150.42,129.76,95.49,104.64,14.89,17.4,16.4,90.73,77.62,9.93,263.06
2013/7/16,100.05,151.06,130.65,95.9,105.47,14.99,17.52,16.49,91.25,78.21,10.12,265.6
2013/7/17,99.36,150.21,130.56,95.66,105.56,15.06,17.51,16.57,91.78,78.33,10.09,263.76
2013/7/18,99.71,151.72,130.79,95.81,105.92,15.18,17.53,16.64,91.92,78.71,10.17,264.2
2013/7/19,100.86,153.34,132.08,97.1,106.69,15.34,17.71,16.86,92.37,79.6,10.17,267.82
2013/7/22,100.02,152.98,131.67,96.55,106.55,15.32,17.66,16.77,92.18,79.44,10.19,265.59
2013/7/23,99.46,152.75,131.2,96.26,106.27,15.34,17.59,16.75,92.07,79.39,10.13,264.03
2013/7/24,99.51,153.01,131.56,96.57,106.46,15.43,17.64,16.94,92.45,79.67,10.28,264.16
2013/7/25,100.31,153.62,132.37,97.24,106.95,15.42,17.75,16.91,91.79,79.98,10.27,266.36
2013/7/26,99.31,152.73,131.85,96.53,106.76,15.32,17.68,16.82,91.86,80.16,10.22,263.63
2013/7/29,97.99,150.83,130.19,95.46,105.68,15.17,17.47,16.61,90.8,79.23,10.02,260.2
2013/7/30,98.05,150.4,129.97,95.55,105.31,15.15,17.44,16.52,90.21,78.75,10.01,260.36
2013/7/31,98.09,149.46,130.06,95.22,105.56,14.96,17.45,16.54,88.57,78.15,9.99,260.46
2013/8/1,97.85,148.53,130.16,95.29,105.65,15.06,17.46,16.62,87.66,77.92,9.92,259.82
2013/8/2,99.54,150.48,131.43,96.24,106.16,15.08,17.63,16.74,88.96,78.69,9.98,264.31
2013/8/5,99.16,151.47,131.56,95.37,106.67,15,17.64,16.72,88.1,76.99,10.06,263.3
2013/8/6,98.03,150.61,130,94.71,105.86,14.91,17.44,16.57,87.4,76.88,9.96,260.3
2013/8/7,97.42,149.42,129.58,93.85,105.28,14.87,17.38,16.46,87.39,76.96,9.81,258.61
2013/8/8,96.73,149.83,129.01,92.8,104.88,14.86,17.3,16.4,87.3,77.03,9.72,256.85
2013/8/9,96.89,150.5,129.61,93.8,105.27,14.93,17.38,16.4,88.22,77.42,9.84,257.28
2013/8/12,96.24,149.26,128.24,93.55,104.29,14.78,17.19,16.41,88.45,77.34,9.8,255.55
2013/8/13,97.42,150.53,129.47,94.51,105.11,14.91,17.36,16.57,88.72,77.74,9.85,258.68
2013/8/14,98.31,151.85,130.33,94.97,105.36,15.05,17.47,16.68,89.34,78.29,9.85,261.05
2013/8/15,97.96,152.05,129.95,94.86,104.87,15.07,17.42,16.64,89.73,79.07,9.82,260.12
2013/8/16,97.23,152.1,129.85,94.4,105.06,14.95,17.41,16.46,88.94,78.63,9.75,258.18
2013/8/19,97.65,152.54,130.17,94.5,105.32,14.99,17.46,16.49,89.76,79.13,9.68,259.29
2013/8/20,97.71,152.96,130.35,94.46,105.72,15.01,17.48,16.51,89.08,78.81,9.58,259.45
2013/8/21,97.51,152.61,130.92,93.74,106.24,15.03,17.55,16.39,88.21,77.57,9.6,258.92
2013/8/22,97.91,152.92,130.6,93.33,105.99,14.88,17.51,16.11,87.6,76.63,9.4,259.92
2013/8/23,98.98,154.26,132.1,94.03,107.09,15.21,17.71,16.23,89.24,77.47,9.64,262.83
2013/8/26,98.72,153.85,132.15,94.01,107.18,15.2,17.72,16.42,89.08,77.1,9.61,262.13
2013/8/27,98.14,152.89,131.29,93.34,106.53,15.06,17.6,16.27,88.16,76.72,9.48,260.59
2013/8/28,97.21,151.04,130.08,92.71,105.89,14.99,17.44,16.17,87.05,75.6,9.33,258.06
2013/8/29,97.85,151.91,130.42,93.31,105.99,15.05,17.49,16.2,87.66,76.59,9.5,259.82
2013/8/30,98.36,152.58,130.22,93.36,105.73,14.93,17.46,16.16,87.83,76.42,9.49,261.11
2013/9/2,98.54,152.84,130.02,93.54,105.63,14.89,17.43,16.1,88.09,76.47,9.62,261.59
2013/9/3,99.68,154.94,131.46,94.49,106.62,15.1,17.62,16.39,89.96,78.09,9.72,264.61
2013/9/4,99.61,155.02,131.16,94.5,106.39,15.04,17.58,16.41,90.14,77.76,9.64,264.43
2013/9/5,99.71,155.73,131.63,95.05,106.53,15.11,17.65,16.45,91.41,78.7,9.75,264.69
2013/9/6,99.98,155.94,131.18,95.31,105.87,14.95,17.59,16.32,91.34,79.02,9.82,265.41
2013/9/9,99.69,155.91,131.36,95.75,106.28,15.04,17.61,16.4,91.49,79.41,9.94,264.64
2013/9/10,99.71,156.49,132.16,96.16,106.9,15.21,17.72,16.59,92.16,80,10.02,264.69
2013/9/11,100.33,157.88,133.15,96.97,107.34,15.34,17.85,16.96,93.4,80.89,10.05,266.34
2013/9/12,99.71,157.83,132.77,96.73,107.22,15.31,17.8,16.86,93.19,81.26,10.11,264.76
2013/9/13,99.72,157.55,132.57,96.59,107.1,15.3,17.78,16.95,92.36,81.15,10.02,264.72
2013/9/17,99.17,157.67,132.16,96.07,106.96,15.22,17.72,16.76,92.29,81.11,10.1,263.33
2013/9/18,99.24,157.77,132.47,96.33,107.08,15.33,17.76,16.79,92.68,81.54,10.13,263.52
2013/9/19,98.19,158.45,132.85,96.06,107.65,15.43,17.81,16.87,93.24,82.34,10.26,260.73
2013/9/20,99.55,159.65,134.74,96.95,109.32,15.71,18.07,17.08,94.11,83.53,10.25,264.27
2013/9/24,98.78,158.37,133.29,96.02,108.45,15.48,17.88,16.72,92.86,82.34,10.06,262.22
2013/9/25,98.76,157.96,133.05,95.83,108.1,15.43,17.84,16.54,92.7,81.52,10.02,262.17
2013/9/26,98.34,158.11,132.96,95.33,108.15,15.32,17.83,16.4,92.16,81.15,9.89,261.06
2013/9/27,98.96,158.7,133.47,95.98,108.69,15.43,17.89,16.56,92.7,82.04,9.9,262.77
2013/9/30,97.75,158.03,131.9,94.79,107.96,15.2,17.69,16.29,90.89,80.96,9.64,259.56
2013/10/1,98.4,159.27,133.03,95.34,108.63,15.32,17.84,16.37,91.59,81.51,9.79,261.35
2013/10/2,98.04,158.53,132.45,94.81,108.04,15.39,17.76,16.32,92.1,80.85,9.7,260.4
2013/10/3,97.38,158,132.25,94.3,107.95,15.27,17.73,16.22,91.35,80.92,9.72,258.65
2013/10/4,97.3,157.27,132.58,94.23,108.23,15.35,17.77,16.35,91.66,80.72,9.72,258.43
2013/10/7,97.26,156.02,131.92,94.44,107.41,15.15,17.69,16.28,91.85,80.84,9.72,258.33
2013/10/8,96.78,155.76,131.4,93.82,107.15,15.09,17.62,16.22,91.38,80.33,9.68,257.05
2013/10/9,97.16,156.34,131.92,93.7,107.47,15.12,17.69,16.28,91.59,80.59,9.76,258.06
2013/10/10,97.61,155.75,131.87,93.87,107.09,15.09,17.68,16.25,92.31,80.95,9.79,259.26
2013/10/11,98.31,157.06,132.94,94.47,107.95,15.11,17.83,16.3,92.91,81.37,9.93,261.12
2013/10/15,98.54,157.18,133.55,95.24,108.11,15.23,17.91,16.48,93.87,82.56,9.95,261.73
2013/10/16,98.5,157.36,133.04,94.93,107.69,15.14,17.84,16.35,93.87,82.68,9.88,261.62
2013/10/17,98.83,157.74,133.78,95.73,108.25,15.26,17.94,16.5,94.41,83.36,10.03,262.5
2013/10/18,98.13,158.47,134.09,95.29,108.6,15.32,17.98,16.55,94.45,83.11,10,260.64
2013/10/21,98.07,158.5,134.13,95.24,108.57,15.25,17.98,16.58,94.6,83.16,10.01,260.48
2013/10/22,98.19,158.38,134.24,95.26,108.77,15.36,18,16.58,94.77,83,9.99,260.8
2013/10/23,98.08,159.27,135.12,95.31,109.57,15.4,18.12,16.64,95.51,83.41,10.07,260.5
2013/10/24,97.47,157.61,134.35,93.92,109.21,15.31,18.01,16.49,93.92,82.04,9.95,258.88
2013/10/25,97.26,157.43,134.08,93.27,108.95,15.3,17.98,16.48,93.32,80.85,9.94,258.33
2013/10/28,97.57,157.89,134.79,93.46,109.31,15.45,18.07,16.57,93.73,80.97,9.94,259.15
2013/10/29,97.55,156.89,134.36,93.36,108.85,15.36,18.02,16.52,92.87,80.72,9.91,259.1
2013/10/30,98.21,157.63,134.93,93.8,109.13,15.39,18.09,16.66,93.05,81.07,9.93,260.85
2013/10/31,98.51,157.99,135.2,94.03,109.5,15.41,18.13,16.69,93.58,81.32,9.91,261.65
2013/11/1,98.23,157.4,133.24,94.15,108.27,15.16,17.87,16.51,92.95,81.14,9.78,260.9
2013/11/5,98.57,157.49,133.24,94.58,108.34,15.15,17.87,16.58,93.82,81.72,9.73,261.81
2013/11/6,98.56,158.21,132.78,94.3,107.89,15.12,17.8,16.46,93.64,82.44,9.61,261.78
2013/11/7,98.72,158.63,133.3,94.72,108.19,15.18,17.87,16.57,93.53,82.63,9.64,262.2
2013/11/8,98.26,158.14,131.78,94,107.18,15.01,17.67,16.24,92.79,81.85,9.56,260.98
2013/11/11,98.97,158.47,132.23,94.44,107.37,15.01,17.73,16.13,92.85,81.97,9.56,262.87
2013/11/12,99.29,158.74,133.09,94.84,107.94,15.13,17.85,16.15,92.84,81.97,9.57,263.72
2013/11/13,99.67,158.37,133.89,94.98,108.6,14.97,17.95,16.1,92.65,81.82,9.62,264.73
2013/11/14,99.31,159.39,133.9,95.04,108.61,14.96,17.95,16.1,93.15,82.7,9.69,263.77
2013/11/15,100.27,161.02,134.85,95.79,109.26,15.07,18.08,16.28,93.46,82.96,9.82,266.32
2013/11/18,100.29,161.6,135.18,96.08,109.49,15.09,18.13,16.36,93.94,83.67,9.85,266.3
2013/11/19,99.89,160.96,134.93,95.78,109.46,15.11,18.09,16.3,93.64,83.15,9.86,265.24
2013/11/20,100.19,161.49,135.77,95.75,110.09,15.15,18.21,16.46,94.42,83.78,9.82,266.04
2013/11/21,100.47,161.69,134.85,96.04,109.47,15.07,18.08,16.38,93.71,83.08,9.9,266.78
2013/11/22,101.24,163.93,136.38,96.23,110.77,15.26,18.29,16.61,93.51,83.37,9.98,268.83
2013/11/25,101.47,164.71,137.46,96.21,111.78,15.41,18.43,16.72,93.21,83.35,10.08,269.51
2013/11/26,101.46,163.98,137.27,96.39,111.37,15.45,18.41,16.66,93.28,83.63,10.05,269.48
2013/11/27,101.39,164.27,137.47,96.13,111.72,15.43,18.44,16.64,92.49,83.02,10.03,269.3
2013/11/28,101.95,165.98,138.3,96.28,112.22,15.49,18.55,16.69,92.97,83.11,9.98,270.71
2013/11/29,102.42,167.43,139.42,96.76,113.15,15.66,18.69,16.83,93.06,83.15,10.04,271.96
2013/12/2,102.49,168.24,139.3,96.45,113.12,15.66,18.67,16.72,93.49,83.65,10.09,272.15
2013/12/3,102.91,168.35,139.33,96.74,113.22,15.67,18.68,16.82,93.84,84.44,10.02,273.26
2013/12/4,102.63,168.18,139.44,96.41,113.45,15.75,18.7,16.82,93.06,84.22,9.93,272.52
2013/12/5,102.45,167.73,139.14,95.96,113.47,15.76,18.66,16.65,92.52,84.11,9.83,272.04
2013/12/6,101.98,166.61,139.35,95.66,113.7,15.72,18.68,16.59,92.37,83.78,9.75,270.79
2013/12/9,103.11,168.39,141.37,96.75,115.58,15.84,18.95,16.78,93.88,85.45,9.97,273.79
2013/12/10,103.36,169.76,142.01,97.12,116.06,15.83,19.04,16.85,93.91,85.51,9.96,274.46
2013/12/11,102.92,169.24,141.61,97.04,115.94,15.75,18.99,16.83,94.08,85.42,9.96,273.29
2013/12/12,102.68,167.99,141.44,96.91,115.75,15.68,18.96,16.7,92.81,85.02,9.91,272.65
2013/12/13,103.63,169.36,142.43,97.55,116.37,15.68,19.09,16.73,92.62,85.38,9.96,275.17
2013/12/16,103.19,168.19,141.91,97.46,116,15.68,19.01,16.67,92.31,85.21,10.04,274
2013/12/17,103.12,168.12,141.83,97.45,116.11,15.66,19.01,16.75,92.28,85.35,10.04,273.82
2013/12/18,102.84,167.37,141.59,96.96,116.18,15.69,18.98,16.83,91.76,85.09,9.96,273.07
2013/12/19,104.15,170.66,142.52,97.26,116.5,15.88,19.1,16.95,92.26,85.57,10.06,276.55
2013/12/20,104.4,170.78,142.36,97.8,116.13,15.84,19.08,16.96,92.52,85.52,10.03,277.22
2013/12/24,104.26,170.36,142.69,98.18,116.63,15.86,19.13,16.96,93.04,85.45,10.09,276.85
2013/12/25,104.32,170.51,142.56,98.28,116.42,15.88,19.11,16.97,93.05,85.24,10.11,277
2013/12/26,104.85,171.79,143.31,98.51,117.02,15.98,19.22,17.06,93.43,85.63,10.16,278.41
2013/12/27,105.02,172.51,143.89,98.66,117.3,16.06,19.29,17.11,93.31,85.76,10.17,278.86
2013/12/30,105.4,173.74,145.04,98.42,118.32,16.16,19.42,17.15,93.25,85.85,10.01,279.87
2014/1/6,104.66,171.8,142.33,98.55,115.65,16.04,19.08,17.02,94,86.61,9.82,277.91
2014/1/7,104.46,171.36,142.28,97.95,115.4,16.04,19.07,16.92,93.32,86.4,9.79,277.38
2014/1/8,104.78,171.62,142.57,97.14,115.13,16.08,19.11,16.98,93.45,86.74,9.86,278.23
2014/1/9,104.86,172.53,142.35,96.89,115,15.96,19.08,16.91,93.39,86.66,9.76,278.44
2014/1/10,104.95,172.95,142.84,96.67,115.7,16.02,19.14,17,93.27,86.51,9.71,278.68
2014/1/14,103.32,169.41,141.17,94.88,114.85,15.87,18.92,16.87,93.35,86.52,9.55,274.35
2014/1/15,104.13,171.12,142.39,95.1,115.33,16.18,19.08,17.11,93.4,87.18,9.6,276.43
2014/1/16,104.87,171.51,142.54,95.68,115.28,16.19,19.1,17.08,92.46,87.28,9.61,278.39
2014/1/17,104.39,170.65,142.13,95.5,115.35,16.16,19.05,16.9,92.09,87.14,9.6,277.19
2014/1/20,104.03,170.61,140.54,95,113.96,16.07,18.84,16.88,91.14,85.79,9.57,276.23
2014/1/21,104.46,171.5,141.49,95.3,114.63,16.1,18.96,16.9,92.03,87.03,9.63,277.38
2014/1/22,104.26,171.88,141.5,95.1,114.61,16.1,18.96,16.92,92.42,86.74,9.62,276.85
2014/1/23,104.74,173.47,141.81,94.28,114.7,16.15,19,16.99,92.56,86.83,9.64,278.12
2014/1/24,103.5,172.09,141.68,93.11,115.22,16.14,18.99,17,90.65,85.66,9.42,274.83
2014/1/27,102.33,168.75,139.98,92.53,114.35,15.91,18.76,16.69,89.02,84.26,9.2,271.65
2014/1/28,102.68,170.15,140.35,92.42,114.46,15.99,18.81,16.7,89.99,84.5,9.25,272.58
2014/1/29,103.15,170.97,140.79,92.56,114.65,16.06,18.88,16.83,90.81,85.48,9.45,273.9
2014/1/30,102.2,169.25,139.55,91.39,114.23,15.81,18.7,16.56,89.39,83.92,9.04,271.45
2014/1/31,102.86,169.66,139.42,92.17,113.98,15.79,18.68,16.48,90.76,84.03,9.19,273.2
2014/2/3,102.28,168.12,137.97,92,112.77,15.62,18.49,16.31,89.71,82.98,9.19,271.59
2014/2/4,101.24,165.14,136.92,91.18,112.28,15.46,18.34,16.11,88.49,81.62,9.01,268.83
2014/2/5,101.59,165.95,137.34,91.63,112.42,15.59,18.4,16.18,90.5,83.43,9.16,269.68
2014/2/6,101.59,165.82,137.5,91.78,112.38,15.58,18.43,16.31,91.14,83.69,9.16,269.76
2014/2/7,102.04,166.54,138.66,92.19,113.29,15.7,18.58,16.42,91.48,84.05,9.26,270.95
2014/2/10,102.5,168.21,139.66,92.8,113.99,15.79,18.71,16.59,91.75,84.88,9.27,272.17
2014/2/12,102.5,168.58,139.76,93.01,114.08,15.91,18.73,16.72,92.49,85.2,9.33,272.1
2014/2/13,102.51,170.29,139.37,93.08,113.85,15.89,18.68,16.76,91.77,85.22,9.33,272.13
2014/2/14,102.28,170.31,139.91,93.19,114.45,15.84,18.75,16.76,91.99,85.38,9.32,271.59
2014/2/17,101.44,170.01,139.02,92.39,113.76,15.77,18.63,16.7,91.73,84.93,9.32,269.36
2014/2/18,102.18,170.82,139.99,93.3,114.53,15.82,18.76,16.8,92.66,85.57,9.43,271.32
2014/2/19,102.33,170.76,140.86,93.42,115.31,15.78,18.88,16.95,92.13,84.83,9.42,271.79
2014/2/20,102.25,170.57,140.46,92.28,115.07,15.69,18.81,16.82,92.07,84.69,9.27,271.58
2014/2/21,102.53,170.85,140.67,92.19,115.25,15.69,18.85,16.83,92.24,85.23,9.33,272.32
2014/2/24,102.59,170.63,140.98,92.29,115.67,15.71,18.89,16.9,91.99,84.93,9.37,272.41
2014/2/25,102.55,170.79,140.82,92.68,115.35,15.77,18.87,17,92.65,85.43,9.49,272.23
2014/2/26,102.2,170.5,140.46,92.16,115.22,15.73,18.83,16.92,91.88,85.08,9.52,271.38
2014/2/27,102.37,170.61,140.09,91.95,114.94,15.71,18.77,16.92,91.44,85.14,9.44,271.83
2014/2/28,101.9,170.09,139.67,91.55,114.71,15.64,18.72,16.87,91.34,85.53,9.53,270.58
2014/3/3,101.31,169.55,139.54,91.57,115.15,15.77,18.7,16.84,90.12,84.61,9.36,268.94
2014/3/4,101.55,169.22,139.48,91.7,114.94,15.68,18.69,16.78,90.86,84.99,9.33,269.58
2014/3/5,102.26,170.32,140.5,92.36,115.26,15.87,18.83,17.02,91.86,85.83,9.51,271.53
2014/3/6,102.4,171.2,140.65,92.79,115.41,15.93,18.84,17.07,92.44,86.17,9.6,271.91
2014/3/7,103.09,172.5,142.9,93.74,117.17,16.13,19.15,17.25,93.6,87.39,9.71,273.81
2014/3/10,103.23,172.77,143.36,92.92,117.63,16.18,19.21,17.27,93.43,87.42,9.59,274.04
2014/3/11,103.29,171.92,143.31,92.9,117.59,16.2,19.2,17.35,93.12,87.51,9.6,274.2
2014/3/12,102.95,171.07,142.67,92.68,117.34,16.16,19.12,17.28,92.24,87.09,9.47,273.44
2014/3/13,102.78,170.78,142.87,92.49,117.49,16.15,19.14,17.28,93.18,87.86,9.53,272.99
2014/3/14,101.83,169.28,141.18,91.89,116.32,15.93,18.91,17.07,92.06,86.98,9.45,270.46
2014/3/17,101.43,168.66,141.01,91.43,116.2,15.87,18.89,16.98,91.42,86.57,9.49,269.33
2014/3/18,101.84,169.45,141.95,92.14,116.66,16.01,19.02,17.1,92.57,87.25,9.45,270.42
2014/3/19,101.44,168.36,141.3,91.15,116.12,16,18.93,17.03,92.56,87.38,9.43,269.43
2014/3/20,102.32,169.25,141.48,90.95,116.13,15.95,18.95,16.93,92.32,87.31,9.41,271.77
2014/3/24,102.35,168.73,141.16,91.07,115.92,15.95,18.91,16.9,92.98,87.35,9.41,271.7
2014/3/25,102.2,168.61,141.37,91.27,116.02,15.97,18.94,16.97,93.45,87.48,9.44,271.3
2014/3/26,102.36,169.27,141.47,91.72,115.91,15.99,18.95,16.97,93.76,87.85,9.54,271.87
2014/3/27,101.86,168.89,140.49,91.86,115.11,15.78,18.81,16.85,93.93,87.59,9.53,270.54
2014/3/28,102.06,169.61,140.26,92.55,115.11,15.76,18.79,17.02,94.83,88.67,9.65,271.08
2014/3/31,102.92,171.25,141.61,93.16,116.14,15.82,18.96,17.13,95.19,89.22,9.73,273.21
2014/4/1,103.2,171.96,142.15,93.39,116.72,15.96,19.04,17.24,95.75,89.52,9.8,273.96
2014/4/2,103.73,172.48,143.1,94.03,117.38,16.07,19.17,17.34,95.84,89.28,9.82,275.37
2014/4/3,103.86,172.71,142.95,94.16,117.09,16.04,19.15,17.39,95.84,88.95,9.79,275.78
2014/4/4,103.9,172.38,142.56,94.15,116.56,15.87,19.1,17.29,95.98,88.87,9.74,275.89
2014/4/7,103.24,171.14,141.47,94.03,115.82,15.76,18.95,17.25,95.85,88.84,9.78,274.21
2014/4/8,102.95,171.04,141.5,93.84,116.03,15.78,18.96,17.19,95.53,88.71,9.78,273.37
2014/4/9,101.99,170.76,140.59,93.27,115.31,15.69,18.83,17.06,95.37,88.48,9.74,270.82
2014/4/10,102.06,171.63,141.57,93.87,116.18,15.74,18.94,17.2,95.81,89.22,9.82,271
2014/4/11,101.54,170.32,141.03,92.82,115.87,15.54,18.89,17.13,95.24,87.83,9.69,269.62
2014/4/14,101.44,169.58,140.48,92.31,115.63,15.49,18.81,17.07,95.28,88.07,9.69,269.43
2014/4/15,101.88,170.46,140.79,92.89,115.79,15.53,18.86,17.1,95.95,88.45,9.69,270.6
2014/4/16,102.12,170.89,141.05,92.92,116.02,15.54,18.89,17.16,95.38,87.72,9.69,271.24
2014/4/17,102.14,171.92,141.36,92.82,115.98,15.5,18.93,17.11,95.87,88.29,9.69,271.22
2014/4/18,102.55,172.17,141.61,93.14,116.05,15.54,18.97,17.14,95.64,88.03,9.79,272.38
2014/4/21,102.61,172.31,141.72,93.1,116.18,15.55,18.98,17.15,95.76,88.09,9.79,272.46
2014/4/22,102.66,172.37,141.57,93.15,115.93,15.53,18.96,17.14,95.84,88.01,9.79,272.6
2014/4/23,102.65,172.74,141.64,93.05,115.98,15.59,18.98,17.15,96.24,88.43,9.72,272.64
2014/4/24,102.47,172.06,141.6,92.9,116,15.59,18.97,17.11,95.28,88.52,9.69,272.09
2014/4/25,102.39,172.14,141.58,92.85,116.13,15.59,18.98,17.08,94.81,87.7,9.63,271.88
2014/4/28,102.12,171.41,141.1,92.5,115.69,15.49,18.9,16.98,94.77,87.62,9.57,271.16
2014/4/30,102.61,172.67,141.68,93.7,116.14,15.65,18.98,17.09,95.26,87.95,9.72,272.39
2014/5/1,102.26,172.57,141.8,93.27,116.2,15.75,19,17.21,95,88.11,9.72,271.46
2014/5/2,102.37,172.92,141.9,93.39,116.38,15.71,19.01,17.2,94.97,88.27,9.77,271.75
2014/5/7,101.63,172.55,141.61,93.32,116.32,15.65,18.97,17.19,95.03,88.42,9.69,269.79
2014/5/8,101.95,172.87,141.77,93.51,116.3,15.69,19,17.26,95.09,88.22,9.75,270.64
2014/5/9,101.68,172.14,140.69,93.83,115.45,15.57,18.85,17.22,95.18,87.76,9.84,269.92
2014/5/12,102.02,171.91,140.3,93.6,114.94,15.52,18.8,17.25,95.49,87.97,9.85,270.83
2014/5/13,102.21,172.52,140.66,93.79,115.19,15.57,18.85,17.28,95.64,88.19,9.87,271.33
2014/5/14,102.19,172.02,140.01,93.68,114.86,15.6,18.76,17.26,95.79,88.26,9.92,271.28
2014/5/15,101.83,170.82,139.7,93.55,114.49,15.53,18.71,17.2,95.4,88.24,9.89,270.39
2014/5/16,101.63,170.61,139.33,93.4,114.06,15.48,18.67,17.09,95.01,87.78,9.78,269.79
2014/5/19,101.58,170.89,139.17,93.52,113.9,15.49,18.65,17.12,95.09,87.81,9.83,269.73
2014/5/20,101.47,170.62,139.1,93.31,113.76,15.39,18.64,17.1,94.56,87.48,9.79,269.44
2014/5/21,101.31,170.55,138.87,92.84,113.61,15.37,18.6,17.02,93.47,86.7,9.7,269.01
2014/5/22,101.43,171.43,138.75,92.94,113.51,15.44,18.59,17.06,93.66,86.91,9.77,269.33
2014/5/23,101.84,171.67,138.95,93.46,113.79,15.43,18.61,17.11,93.93,87.19,9.85,270.35
2014/5/26,101.98,171.64,138.89,93.8,113.77,15.34,18.61,17.08,94.2,87.07,9.88,270.72
2014/5/27,101.93,171.94,139.28,94.03,114.02,15.42,18.67,17.13,94.41,87.42,9.85,270.66
2014/5/28,101.97,171.46,139.01,93.92,113.65,15.4,18.62,17.12,94.43,87.33,9.76,270.76
2014/5/29,101.75,170.09,138.36,93.58,113.31,15.33,18.54,17.06,93.96,86.45,9.74,270.11
2014/5/30,101.65,170.03,138.27,93.79,113.25,15.31,18.53,17.04,94.72,86.35,9.76,269.84
2014/6/2,101.98,170.85,138.94,94,113.82,15.23,18.61,17.04,94.85,86.52,9.65,270.72
2014/6/3,102.41,171.55,139.3,93.97,113.95,15.31,18.66,17.1,94.69,86.59,9.6,271.86
2014/6/4,102.63,171.73,139.76,93.97,114.39,15.35,18.72,17.1,95.03,86.49,9.55,272.44
2014/6/5,102.65,171.83,139.62,93.83,114.34,15.45,18.71,17.11,95.26,86.6,9.55,272.5
2014/6/6,102.37,172.1,139.84,93.73,114.79,15.37,18.74,17.1,95.5,86.91,9.56,271.75
2014/6/9,102.57,172.37,139.94,93.74,114.81,15.48,18.75,17.26,95.78,87.28,9.7,272.36
2014/6/10,102.48,172.22,139.28,93.94,114.22,15.33,18.66,17.15,95.81,87.1,9.63,272.05
2014/6/11,102.35,171.41,138.5,93.91,113.71,15.28,18.56,17.11,95.9,87.35,9.56,271.7
2014/6/12,102.04,171.38,138.16,93.9,113.45,15.24,18.52,17.02,95.73,88.16,9.51,270.88
2014/6/13,101.8,172.52,137.97,93.77,113.33,15.23,18.5,17.01,95.89,88.24,9.53,270.24
2014/6/16,101.98,173.18,138.08,93.95,113.31,15.34,18.51,17,95.71,88.49,9.52,270.79
2014/6/17,101.95,173.07,138.44,93.95,113.63,15.38,18.57,17.03,95.74,88.4,9.51,270.64
2014/6/18,102.18,173.37,138.44,94.05,113.62,15.39,18.56,17.02,95.41,88.56,9.44,271.25
2014/6/19,102.01,173.35,138.58,94.17,113.8,15.36,18.59,16.98,95.9,88.91,9.55,270.8
2014/6/20,101.9,173.61,138.73,94.19,113.99,15.22,18.6,16.63,95.81,88.8,9.48,270.51
2014/6/23,102.1,173.69,138.72,94.97,113.98,15.19,18.61,16.65,95.85,88.9,9.57,271.04
2014/6/24,101.83,173.32,138.49,94.9,113.84,15.21,18.58,16.67,95.98,88.72,9.61,270.32
2014/6/25,101.96,173.13,138.69,94.86,114.05,15.17,18.61,16.69,95.42,88.36,9.58,270.67
2014/6/26,101.7,172.75,138.64,94.85,113.91,15.11,18.6,16.59,95.74,89.16,9.62,269.98
2014/6/27,101.51,172.93,138.25,94.98,113.65,15.06,18.54,16.56,95.72,89.14,9.52,269.47
2014/6/30,101.3,172.53,138.21,94.96,113.69,15.04,18.54,16.53,95.44,88.93,9.57,268.91
2014/7/1,101.45,173.6,138.91,95.05,114.39,15.19,18.63,16.55,95.58,88.89,9.54,269.31
2014/7/2,101.59,174.17,138.95,95.52,114.44,15.18,18.64,16.49,96.45,89.02,9.54,269.68
2014/7/3,101.87,174.83,139.07,95.51,114.56,15.19,18.65,16.51,96.16,89.4,9.48,270.43
2014/7/4,102.16,175.3,138.97,96.03,114.32,14.96,18.64,16.5,95.57,89.4,9.51,271.27
2014/7/7,102.2,175.18,138.81,95.86,114.15,14.92,18.62,16.51,95.55,89.14,9.51,271.38
2014/7/8,101.74,174.39,138.42,95.24,113.91,14.9,18.57,16.53,95.39,89.06,9.45,270.15
2014/7/9,101.56,174.01,138.28,95.15,113.74,14.87,18.54,16.42,95.61,89.31,9.52,269.68
2014/7/10,101.55,174.29,138.55,95.32,114,14.95,18.59,16.51,95.73,89.64,9.51,269.65
2014/7/11,101.38,173.6,137.85,95.19,113.49,14.95,18.49,16.42,95.09,89.35,9.48,269.2
2014/7/14,101.39,173.59,137.88,94.47,113.58,14.91,18.5,16.4,95.23,89.42,9.46,269.15
2014/7/15,101.65,173.68,138.42,94.8,113.97,14.97,18.57,16.46,95.43,89.58,9.52,269.92
2014/7/16,101.74,174.38,137.99,94.52,113.54,14.92,18.51,16.38,95.25,88.76,9.51,270.08
2014/7/17,101.66,174.24,137.52,94.67,113.19,14.89,18.45,16.41,95.25,88.54,9.52,269.87
2014/7/18,101.26,173.05,136.92,94.14,112.8,14.82,18.36,16.29,94.63,87.76,9.44,268.81
2014/7/22,101.48,173.3,137.24,94.44,112.96,14.82,18.41,16.38,95.07,88.06,9.57,269.39
2014/7/23,101.52,173.24,136.7,94.53,112.5,14.82,18.33,16.4,95.26,87.98,9.6,269.5
2014/7/24,101.54,172.99,136.63,94.53,112.5,14.84,18.33,16.38,95.89,87.47,9.65,269.55
2014/7/25,101.8,173,137.08,94.74,112.81,14.92,18.38,16.42,95.91,87.44,9.66,270.24
2014/7/28,101.81,172.85,136.7,94.14,112.5,14.94,18.34,16.37,95.61,86.97,9.7,270.27
2014/7/29,101.86,173.01,136.85,94.31,112.65,14.9,18.36,16.36,95.82,87.13,9.63,270.4
2014/7/30,102.1,173.07,136.94,94.07,112.59,14.91,18.37,16.35,95.78,86.88,9.62,271.04
2014/7/31,102.85,173.99,137.78,94.28,113.22,14.95,18.48,16.45,95.93,87.41,9.62,273.03
2014/8/1,102.84,173.71,137.7,94.3,113.17,14.91,18.47,16.37,95.75,87.55,9.61,273
2014/8/4,102.57,172.63,137.72,93.94,113.22,14.97,18.47,16.38,95.6,87.32,9.62,272.29
2014/8/5,102.63,173.12,137.71,94.08,113.18,14.9,18.47,16.38,95.74,87.43,9.64,272.44
2014/8/6,102.61,173.15,137.13,93.59,112.81,14.89,18.4,16.33,95.38,86.5,9.55,272.39
2014/8/7,102.17,172.26,136.72,93.61,112.58,14.82,18.34,16.32,95.51,86.63,9.56,271.22
2014/8/8,102.11,171.66,136.35,93.4,112.3,14.78,18.29,16.33,94.57,86.34,9.49,271.06
2014/8/11,102.16,171.39,136.9,93.07,112.76,14.82,18.37,16.38,94.77,86.46,9.59,271.2
2014/8/12,102.31,171.69,136.85,93.59,112.75,14.87,18.36,16.53,94.67,86.45,9.63,271.6
2014/8/13,102.26,171.87,136.68,93.6,112.66,14.87,18.33,16.54,94.89,86.15,9.63,271.46
2014/8/14,102.5,171.04,136.96,93.93,112.91,14.91,18.37,16.65,95.37,86.86,9.7,272.1
2014/8/15,102.51,171.07,136.95,94,113.06,14.95,18.37,16.65,95.56,86.91,9.71,272.13
2014/8/18,102.39,171.17,137.08,94.03,113.3,14.95,18.39,16.69,95.44,86.94,9.68,271.81
2014/8/19,102.63,171.6,137.05,94.21,113.12,14.95,18.38,16.65,95.75,86.54,9.66,272.44
2014/8/20,102.99,171.21,137.15,94.15,113.29,14.99,18.4,16.72,95.76,86.74,9.68,273.4
2014/8/21,103.82,172.33,137.62,94.6,113.61,15.02,18.46,16.77,96.34,86.86,9.68,275.6
2014/8/22,103.96,172.28,138.01,94.97,114,15.09,18.51,16.91,96.75,87.25,9.74,275.98
2014/8/25,104.19,172.48,137.5,95.01,113.72,15.01,18.45,16.85,96.94,87.03,9.73,276.59
2014/8/26,104.1,172.52,137.28,94.71,113.67,15.01,18.42,16.86,96.64,86.67,9.71,276.35
2014/8/27,104.12,172.25,136.98,95.21,113.38,14.96,18.38,16.84,97.02,86.87,9.74,276.4
2014/8/28,103.76,172.11,136.9,95.58,113.45,14.94,18.37,16.81,96.93,86.93,9.79,275.44
2014/8/29,103.74,172.08,136.73,95.55,113.34,14.89,18.35,16.79,97.04,86.95,9.75,275.39
2014/9/1,104.14,172.79,136.68,95.73,113.29,14.9,18.35,16.81,97.17,87.04,9.78,276.45
2014/9/2,104.4,173.41,137.1,96.03,113.58,14.91,18.4,16.88,97.46,87.51,9.79,277.14
2014/9/3,105.22,173.29,138.15,96.3,114.49,14.99,18.55,17,97.69,87.44,9.8,279.32
